"Filename",FingerCode,QualityScore,"OptionalError",Quantized,Resampled,QB_FDA_Bin10_0,QB_FDA_Bin10_1,QB_FDA_Bin10_2,QB_FDA_Bin10_3,QB_FDA_Bin10_4,QB_FDA_Bin10_5,QB_FDA_Bin10_6,QB_FDA_Bin10_7,QB_FDA_Bin10_8,QB_FDA_Bin10_9,QB_FDA_Bin10_Mean,QB_FDA_Bin10_StdDev,QB_FingerJetFX_MinCount_COMMinRect200x200,QB_FingerJetFX_MinutiaeCount,QB_FJFXPos_Mu_MinutiaeQuality_2,QB_FJFXPos_OCL_MinutiaeQuality_80,QB_ImgProcROIArea_Mean,QB_LCS_Bin10_0,QB_LCS_Bin10_1,QB_LCS_Bin10_2,QB_LCS_Bin10_3,QB_LCS_Bin10_4,QB_LCS_Bin10_5,QB_LCS_Bin10_6,QB_LCS_Bin10_7,QB_LCS_Bin10_8,QB_LCS_Bin10_9,QB_LCS_Bin10_Mean,QB_LCS_Bin10_StdDev,QB_MMB,QB_Mu,QB_OCL_Bin10_0,QB_OCL_Bin10_1,QB_OCL_Bin10_2,QB_OCL_Bin10_3,QB_OCL_Bin10_4,QB_OCL_Bin10_5,QB_OCL_Bin10_6,QB_OCL_Bin10_7,QB_OCL_Bin10_8,QB_OCL_Bin10_9,QB_OCL_Bin10_Mean,QB_OCL_Bin10_StdDev,QB_OF_Bin10_0,QB_OF_Bin10_1,QB_OF_Bin10_2,QB_OF_Bin10_3,QB_OF_Bin10_4,QB_OF_Bin10_5,QB_OF_Bin10_6,QB_OF_Bin10_7,QB_OF_Bin10_8,QB_OF_Bin10_9,QB_OF_Bin10_Mean,QB_OF_Bin10_StdDev,QB_OrientationMap_ROIFilter_CoherenceRel,QB_OrientationMap_ROIFilter_CoherenceSum,QB_RVUP_Bin10_0,QB_RVUP_Bin10_1,QB_RVUP_Bin10_2,QB_RVUP_Bin10_3,QB_RVUP_Bin10_4,QB_RVUP_Bin10_5,QB_RVUP_Bin10_6,QB_RVUP_Bin10_7,QB_RVUP_Bin10_8,QB_RVUP_Bin10_9,QB_RVUP_Bin10_Mean,QB_RVUP_Bin10_StdDev
"00001052_plain_500_10.png",0,NA,"Error: NFIQ2 computeQualityScore returned an error code: Could not create feature set from raw data: FRFXLL_ERR_FB_TOO_SMALL_AREA: Fingerprint area is too small. Most likely this is because the tip of the finger is presented.",0,0,NA,NA,NA,NA,NA,NA,NA,NA,NA,NA,NA,NA,NA,NA,NA,NA,NA,NA,NA,NA,NA,NA,NA,NA,NA,NA,NA,NA,NA,NA,NA,NA,NA,NA,NA,NA,NA,NA,NA,NA,NA,NA,NA,NA,NA,NA,NA,NA,NA,NA,NA,NA,NA,NA,NA,NA,NA,NA,NA,NA,NA,NA,NA,NA,NA,NA,NA,NA,NA
"00001057_plain_500_03.png",0,90,NA,0,0,NA,NA,NA,NA,NA,NA,NA,NA,NA,NA,46,20,32,55,0,71,57,NA,NA,NA,NA,NA,NA,NA,NA,NA,NA,81,17,65,64,NA,NA,NA,NA,NA,NA,NA,NA,NA,NA,83,15,NA,NA,NA,NA,NA,NA,NA,NA,NA,NA,17,30,70,2,NA,NA,NA,NA,NA,NA,NA,NA,NA,NA,56,41
"00001308_plain_500_08.png",0,68,NA,0,0,NA,NA,NA,NA,NA,NA,NA,NA,NA,NA,48,20,16,44,0,59,64,NA,NA,NA,NA,NA,NA,NA,NA,NA,NA,81,21,71,71,NA,NA,NA,NA,NA,NA,NA,NA,NA,NA,78,15,NA,NA,NA,NA,NA,NA,NA,NA,NA,NA,11,22,69,2,NA,NA,NA,NA,NA,NA,NA,NA,NA,NA,57,33
"00001428_plain_500_07.png",0,76,NA,0,0,NA,NA,NA,NA,NA,NA,NA,NA,NA,NA,56,26,31,88,0,29,66,NA,NA,NA,NA,NA,NA,NA,NA,NA,NA,76,24,73,73,NA,NA,NA,NA,NA,NA,NA,NA,NA,NA,75,17,NA,NA,NA,NA,NA,NA,NA,NA,NA,NA,19,35,62,2,NA,NA,NA,NA,NA,NA,NA,NA,NA,NA,57,43
"00001610_plain_500_10.png",0,12,NA,0,0,NA,NA,NA,NA,NA,NA,NA,NA,NA,NA,64,33,100,100,0,3,63,NA,NA,NA,NA,NA,NA,NA,NA,NA,NA,62,28,71,70,NA,NA,NA,NA,NA,NA,NA,NA,NA,NA,60,22,NA,NA,NA,NA,NA,NA,NA,NA,NA,NA,15,24,47,1,NA,NA,NA,NA,NA,NA,NA,NA,NA,NA,65,52
"00001655_plain_500_04.png",0,39,NA,0,0,NA,NA,NA,NA,NA,NA,NA,NA,NA,NA,47,26,89,100,0,2,62,NA,NA,NA,NA,NA,NA,NA,NA,NA,NA,73,22,72,72,NA,NA,NA,NA,NA,NA,NA,NA,NA,NA,64,17,NA,NA,NA,NA,NA,NA,NA,NA,NA,NA,17,35,53,2,NA,NA,NA,NA,NA,NA,NA,NA,NA,NA,60,47
"00001665_plain_500_08.png",0,4,NA,0,0,NA,NA,NA,NA,NA,NA,NA,NA,NA,NA,59,34,76,100,0,0,64,NA,NA,NA,NA,NA,NA,NA,NA,NA,NA,64,27,72,70,NA,NA,NA,NA,NA,NA,NA,NA,NA,NA,55,17,NA,NA,NA,NA,NA,NA,NA,NA,NA,NA,18,35,38,1,NA,NA,NA,NA,NA,NA,NA,NA,NA,NA,65,55
"00001723_plain_500_05.png",0,56,NA,0,0,NA,NA,NA,NA,NA,NA,NA,NA,NA,NA,56,29,30,57,0,46,58,NA,NA,NA,NA,NA,NA,NA,NA,NA,NA,63,35,68,67,NA,NA,NA,NA,NA,NA,NA,NA,NA,NA,74,18,NA,NA,NA,NA,NA,NA,NA,NA,NA,NA,15,29,66,1,NA,NA,NA,NA,NA,NA,NA,NA,NA,NA,60,51
"00001880_plain_500_10.png",0,4,NA,0,0,NA,NA,NA,NA,NA,NA,NA,NA,NA,NA,68,34,100,100,0,2,50,NA,NA,NA,NA,NA,NA,NA,NA,NA,NA,55,33,65,63,NA,NA,NA,NA,NA,NA,NA,NA,NA,NA,59,20,NA,NA,NA,NA,NA,NA,NA,NA,NA,NA,23,29,44,1,NA,NA,NA,NA,NA,NA,NA,NA,NA,NA,75,71
"00002302_N_500_palm_10-core.png",0,20,NA,0,0,NA,NA,NA,NA,NA,NA,NA,NA,NA,NA,38,19,42,42,0,0,59,NA,NA,NA,NA,NA,NA,NA,NA,NA,NA,65,20,65,62,NA,NA,NA,NA,NA,NA,NA,NA,NA,NA,42,17,NA,NA,NA,NA,NA,NA,NA,NA,NA,NA,19,3,31,0,NA,NA,NA,NA,NA,NA,NA,NA,NA,NA,60,55
"00002302_N_500_palm_10.png",0,21,NA,0,0,NA,NA,NA,NA,NA,NA,NA,NA,NA,NA,54,29,79,95,0,0,66,NA,NA,NA,NA,NA,NA,NA,NA,NA,NA,64,24,77,74,NA,NA,NA,NA,NA,NA,NA,NA,NA,NA,49,17,NA,NA,NA,NA,NA,NA,NA,NA,NA,NA,19,28,35,0,NA,NA,NA,NA,NA,NA,NA,NA,NA,NA,55,38
"00002304_R_500_slap_01.png",0,92,NA,0,0,NA,NA,NA,NA,NA,NA,NA,NA,NA,NA,43,17,36,100,0,39,67,NA,NA,NA,NA,NA,NA,NA,NA,NA,NA,70,29,80,79,NA,NA,NA,NA,NA,NA,NA,NA,NA,NA,73,20,NA,NA,NA,NA,NA,NA,NA,NA,NA,NA,18,35,66,2,NA,NA,NA,NA,NA,NA,NA,NA,NA,NA,54,29
"00002304_R_500_slap_08.png",0,31,NA,0,0,NA,NA,NA,NA,NA,NA,NA,NA,NA,NA,43,22,61,100,0,3,68,NA,NA,NA,NA,NA,NA,NA,NA,NA,NA,70,21,78,77,NA,NA,NA,NA,NA,NA,NA,NA,NA,NA,56,20,NA,NA,NA,NA,NA,NA,NA,NA,NA,NA,19,48,44,0,NA,NA,NA,NA,NA,NA,NA,NA,NA,NA,57,52
"00002310_R_500_slap_05.png",0,43,NA,0,0,NA,NA,NA,NA,NA,NA,NA,NA,NA,NA,41,24,63,100,0,10,55,NA,NA,NA,NA,NA,NA,NA,NA,NA,NA,67,25,69,66,NA,NA,NA,NA,NA,NA,NA,NA,NA,NA,66,19,NA,NA,NA,NA,NA,NA,NA,NA,NA,NA,16,25,50,1,NA,NA,NA,NA,NA,NA,NA,NA,NA,NA,54,31
"00002314_R_500_slap_01.png",0,88,NA,0,0,NA,NA,NA,NA,NA,NA,NA,NA,NA,NA,45,17,31,65,0,6,72,NA,NA,NA,NA,NA,NA,NA,NA,NA,NA,75,22,81,80,NA,NA,NA,NA,NA,NA,NA,NA,NA,NA,62,15,NA,NA,NA,NA,NA,NA,NA,NA,NA,NA,20,38,49,2,NA,NA,NA,NA,NA,NA,NA,NA,NA,NA,57,35
"00002315_R_500_slap_05.png",0,3,NA,0,0,NA,NA,NA,NA,NA,NA,NA,NA,NA,NA,51,32,100,100,0,0,65,NA,NA,NA,NA,NA,NA,NA,NA,NA,NA,60,26,75,72,NA,NA,NA,NA,NA,NA,NA,NA,NA,NA,45,21,NA,NA,NA,NA,NA,NA,NA,NA,NA,NA,22,29,32,0,NA,NA,NA,NA,NA,NA,NA,NA,NA,NA,62,47
"00002315_R_500_slap_06.png",0,77,NA,0,0,NA,NA,NA,NA,NA,NA,NA,NA,NA,NA,43,19,53,100,0,15,61,NA,NA,NA,NA,NA,NA,NA,NA,NA,NA,76,17,72,69,NA,NA,NA,NA,NA,NA,NA,NA,NA,NA,72,16,NA,NA,NA,NA,NA,NA,NA,NA,NA,NA,19,36,58,3,NA,NA,NA,NA,NA,NA,NA,NA,NA,NA,55,30
"00002317_R_500_slap_01.png",0,93,NA,0,0,NA,NA,NA,NA,NA,NA,NA,NA,NA,NA,45,13,31,100,0,26,62,NA,NA,NA,NA,NA,NA,NA,NA,NA,NA,81,14,73,71,NA,NA,NA,NA,NA,NA,NA,NA,NA,NA,70,16,NA,NA,NA,NA,NA,NA,NA,NA,NA,NA,19,34,55,3,NA,NA,NA,NA,NA,NA,NA,NA,NA,NA,54,30
"00002319_R_500_slap_04.png",0,57,NA,0,0,NA,NA,NA,NA,NA,NA,NA,NA,NA,NA,42,16,57,83,0,2,75,NA,NA,NA,NA,NA,NA,NA,NA,NA,NA,55,37,80,80,NA,NA,NA,NA,NA,NA,NA,NA,NA,NA,60,14,NA,NA,NA,NA,NA,NA,NA,NA,NA,NA,26,44,42,1,NA,NA,NA,NA,NA,NA,NA,NA,NA,NA,53,30
"00002319_R_500_slap_09.png",0,68,NA,0,0,NA,NA,NA,NA,NA,NA,NA,NA,NA,NA,42,16,37,92,0,0,75,NA,NA,NA,NA,NA,NA,NA,NA,NA,NA,60,31,84,83,NA,NA,NA,NA,NA,NA,NA,NA,NA,NA,53,15,NA,NA,NA,NA,NA,NA,NA,NA,NA,NA,24,37,40,1,NA,NA,NA,NA,NA,NA,NA,NA,NA,NA,53,27
"00002319_R_500_slap_10.png",0,42,NA,0,0,NA,NA,NA,NA,NA,NA,NA,NA,NA,NA,46,18,25,44,0,2,72,NA,NA,NA,NA,NA,NA,NA,NA,NA,NA,75,21,82,81,NA,NA,NA,NA,NA,NA,NA,NA,NA,NA,63,14,NA,NA,NA,NA,NA,NA,NA,NA,NA,NA,8,17,50,1,NA,NA,NA,NA,NA,NA,NA,NA,NA,NA,55,24
"00002320_R_500_slap_06.png",0,47,NA,0,0,NA,NA,NA,NA,NA,NA,NA,NA,NA,NA,43,25,19,100,0,12,57,NA,NA,NA,NA,NA,NA,NA,NA,NA,NA,72,18,65,64,NA,NA,NA,NA,NA,NA,NA,NA,NA,NA,65,17,NA,NA,NA,NA,NA,NA,NA,NA,NA,NA,16,31,49,2,NA,NA,NA,NA,NA,NA,NA,NA,NA,NA,63,49
"00002320_R_500_slap_08.png",0,7,NA,0,0,NA,NA,NA,NA,NA,NA,NA,NA,NA,NA,46,29,100,100,0,0,62,NA,NA,NA,NA,NA,NA,NA,NA,NA,NA,61,26,67,67,NA,NA,NA,NA,NA,NA,NA,NA,NA,NA,55,18,NA,NA,NA,NA,NA,NA,NA,NA,NA,NA,20,36,40,1,NA,NA,NA,NA,NA,NA,NA,NA,NA,NA,69,65
"00002321_R_500_slap_07.png",0,21,NA,0,0,NA,NA,NA,NA,NA,NA,NA,NA,NA,NA,45,28,100,100,0,3,74,NA,NA,NA,NA,NA,NA,NA,NA,NA,NA,64,25,82,79,NA,NA,NA,NA,NA,NA,NA,NA,NA,NA,53,20,NA,NA,NA,NA,NA,NA,NA,NA,NA,NA,21,31,37,1,NA,NA,NA,NA,NA,NA,NA,NA,NA,NA,66,55
"00002325_R_500_slap_04.png",0,22,NA,0,0,NA,NA,NA,NA,NA,NA,NA,NA,NA,NA,43,25,72,100,0,2,54,NA,NA,NA,NA,NA,NA,NA,NA,NA,NA,68,23,65,64,NA,NA,NA,NA,NA,NA,NA,NA,NA,NA,58,15,NA,NA,NA,NA,NA,NA,NA,NA,NA,NA,21,33,42,1,NA,NA,NA,NA,NA,NA,NA,NA,NA,NA,54,45
"00002325_R_500_slap_08.png",0,31,NA,0,0,NA,NA,NA,NA,NA,NA,NA,NA,NA,NA,45,27,67,100,0,7,51,NA,NA,NA,NA,NA,NA,NA,NA,NA,NA,63,26,65,63,NA,NA,NA,NA,NA,NA,NA,NA,NA,NA,59,19,NA,NA,NA,NA,NA,NA,NA,NA,NA,NA,19,30,44,1,NA,NA,NA,NA,NA,NA,NA,NA,NA,NA,69,66
"00002326_R_500_slap_02.png",0,89,NA,0,0,NA,NA,NA,NA,NA,NA,NA,NA,NA,NA,43,17,34,100,0,7,68,NA,NA,NA,NA,NA,NA,NA,NA,NA,NA,78,14,77,76,NA,NA,NA,NA,NA,NA,NA,NA,NA,NA,71,16,NA,NA,NA,NA,NA,NA,NA,NA,NA,NA,14,26,54,2,NA,NA,NA,NA,NA,NA,NA,NA,NA,NA,59,35
"00002326_R_500_slap_05.png",0,1,NA,0,0,NA,NA,NA,NA,NA,NA,NA,NA,NA,NA,46,30,100,100,0,0,72,NA,NA,NA,NA,NA,NA,NA,NA,NA,NA,58,30,80,80,NA,NA,NA,NA,NA,NA,NA,NA,NA,NA,54,18,NA,NA,NA,NA,NA,NA,NA,NA,NA,NA,21,34,38,1,NA,NA,NA,NA,NA,NA,NA,NA,NA,NA,64,49
"00002330_R_500_slap_04.png",0,49,NA,0,0,NA,NA,NA,NA,NA,NA,NA,NA,NA,NA,41,20,67,100,0,9,64,NA,NA,NA,NA,NA,NA,NA,NA,NA,NA,62,30,74,72,NA,NA,NA,NA,NA,NA,NA,NA,NA,NA,62,17,NA,NA,NA,NA,NA,NA,NA,NA,NA,NA,16,32,46,1,NA,NA,NA,NA,NA,NA,NA,NA,NA,NA,59,33
"00002334_R_500_slap_05.png",0,29,NA,0,0,NA,NA,NA,NA,NA,NA,NA,NA,NA,NA,40,24,80,89,0,12,57,NA,NA,NA,NA,NA,NA,NA,NA,NA,NA,64,28,67,65,NA,NA,NA,NA,NA,NA,NA,NA,NA,NA,73,13,NA,NA,NA,NA,NA,NA,NA,NA,NA,NA,13,24,55,1,NA,NA,NA,NA,NA,NA,NA,NA,NA,NA,61,43
"00002334_R_500_slap_07.png",0,83,NA,0,0,NA,NA,NA,NA,NA,NA,NA,NA,NA,NA,42,17,46,82,0,24,64,NA,NA,NA,NA,NA,NA,NA,NA,NA,NA,69,28,76,73,NA,NA,NA,NA,NA,NA,NA,NA,NA,NA,74,17,NA,NA,NA,NA,NA,NA,NA,NA,NA,NA,19,31,58,1,NA,NA,NA,NA,NA,NA,NA,NA,NA,NA,55,28
"00002340_R_500_slap_08.png",0,28,NA,0,0,NA,NA,NA,NA,NA,NA,NA,NA,NA,NA,39,25,98,100,0,2,77,NA,NA,NA,NA,NA,NA,NA,NA,NA,NA,49,33,82,82,NA,NA,NA,NA,NA,NA,NA,NA,NA,NA,59,17,NA,NA,NA,NA,NA,NA,NA,NA,NA,NA,21,35,42,1,NA,NA,NA,NA,NA,NA,NA,NA,NA,NA,61,41
"00002342_R_500_slap_05.png",0,5,NA,0,0,NA,NA,NA,NA,NA,NA,NA,NA,NA,NA,51,34,100,100,0,0,64,NA,NA,NA,NA,NA,NA,NA,NA,NA,NA,54,31,74,72,NA,NA,NA,NA,NA,NA,NA,NA,NA,NA,58,14,NA,NA,NA,NA,NA,NA,NA,NA,NA,NA,10,19,41,1,NA,NA,NA,NA,NA,NA,NA,NA,NA,NA,72,61
"00002342_R_500_slap_09.png",0,16,NA,0,0,NA,NA,NA,NA,NA,NA,NA,NA,NA,NA,43,29,79,100,0,0,64,NA,NA,NA,NA,NA,NA,NA,NA,NA,NA,64,25,75,74,NA,NA,NA,NA,NA,NA,NA,NA,NA,NA,53,20,NA,NA,NA,NA,NA,NA,NA,NA,NA,NA,10,20,42,1,NA,NA,NA,NA,NA,NA,NA,NA,NA,NA,65,56
"00002349_N_500_palm_05.png",0,26,NA,0,0,NA,NA,NA,NA,NA,NA,NA,NA,NA,NA,44,26,63,100,0,0,41,NA,NA,NA,NA,NA,NA,NA,NA,NA,NA,75,14,58,56,NA,NA,NA,NA,NA,NA,NA,NA,NA,NA,61,18,NA,NA,NA,NA,NA,NA,NA,NA,NA,NA,10,20,45,1,NA,NA,NA,NA,NA,NA,NA,NA,NA,NA,60,41
"00002349_R_500_slap_07.png",0,13,NA,0,0,NA,NA,NA,NA,NA,NA,NA,NA,NA,NA,47,28,99,100,0,1,52,NA,NA,NA,NA,NA,NA,NA,NA,NA,NA,68,22,65,63,NA,NA,NA,NA,NA,NA,NA,NA,NA,NA,57,15,NA,NA,NA,NA,NA,NA,NA,NA,NA,NA,19,31,43,1,NA,NA,NA,NA,NA,NA,NA,NA,NA,NA,63,52
"00002352_R_500_slap_01.png",0,85,NA,0,0,NA,NA,NA,NA,NA,NA,NA,NA,NA,NA,47,17,24,99,0,42,59,NA,NA,NA,NA,NA,NA,NA,NA,NA,NA,78,23,72,68,NA,NA,NA,NA,NA,NA,NA,NA,NA,NA,80,13,NA,NA,NA,NA,NA,NA,NA,NA,NA,NA,17,35,68,3,NA,NA,NA,NA,NA,NA,NA,NA,NA,NA,55,33
"00002352_R_500_slap_10.png",0,50,NA,0,0,NA,NA,NA,NA,NA,NA,NA,NA,NA,NA,39,21,45,78,0,6,73,NA,NA,NA,NA,NA,NA,NA,NA,NA,NA,69,21,81,79,NA,NA,NA,NA,NA,NA,NA,NA,NA,NA,60,15,NA,NA,NA,NA,NA,NA,NA,NA,NA,NA,15,28,45,1,NA,NA,NA,NA,NA,NA,NA,NA,NA,NA,67,47
"00002353_N_500_palm_10.png",0,39,NA,0,0,NA,NA,NA,NA,NA,NA,NA,NA,NA,NA,46,27,79,100,0,42,58,NA,NA,NA,NA,NA,NA,NA,NA,NA,NA,40,39,74,71,NA,NA,NA,NA,NA,NA,NA,NA,NA,NA,75,20,NA,NA,NA,NA,NA,NA,NA,NA,NA,NA,17,31,64,1,NA,NA,NA,NA,NA,NA,NA,NA,NA,NA,59,37
"00002353_R_500_slap_06.png",0,48,NA,0,0,NA,NA,NA,NA,NA,NA,NA,NA,NA,NA,41,18,60,100,0,58,50,NA,NA,NA,NA,NA,NA,NA,NA,NA,NA,50,38,65,63,NA,NA,NA,NA,NA,NA,NA,NA,NA,NA,83,14,NA,NA,NA,NA,NA,NA,NA,NA,NA,NA,14,30,76,3,NA,NA,NA,NA,NA,NA,NA,NA,NA,NA,54,31
"00002353_R_500_slap_10.png",0,35,NA,0,0,NA,NA,NA,NA,NA,NA,NA,NA,NA,NA,44,27,88,100,0,27,72,NA,NA,NA,NA,NA,NA,NA,NA,NA,NA,33,38,84,82,NA,NA,NA,NA,NA,NA,NA,NA,NA,NA,68,17,NA,NA,NA,NA,NA,NA,NA,NA,NA,NA,14,26,53,1,NA,NA,NA,NA,NA,NA,NA,NA,NA,NA,60,55
"00002356_N_500_palm_05.png",0,47,NA,0,0,NA,NA,NA,NA,NA,NA,NA,NA,NA,NA,42,17,52,89,0,2,51,NA,NA,NA,NA,NA,NA,NA,NA,NA,NA,81,5,63,62,NA,NA,NA,NA,NA,NA,NA,NA,NA,NA,70,12,NA,NA,NA,NA,NA,NA,NA,NA,NA,NA,21,37,53,1,NA,NA,NA,NA,NA,NA,NA,NA,NA,NA,69,66
"00002357_R_500_slap_02.png",0,86,NA,0,0,NA,NA,NA,NA,NA,NA,NA,NA,NA,NA,43,16,31,53,0,30,56,NA,NA,NA,NA,NA,NA,NA,NA,NA,NA,80,13,66,64,NA,NA,NA,NA,NA,NA,NA,NA,NA,NA,76,13,NA,NA,NA,NA,NA,NA,NA,NA,NA,NA,20,27,61,1,NA,NA,NA,NA,NA,NA,NA,NA,NA,NA,54,31
"00002357_R_500_slap_04.png",0,60,NA,0,0,NA,NA,NA,NA,NA,NA,NA,NA,NA,NA,36,14,63,96,0,24,46,NA,NA,NA,NA,NA,NA,NA,NA,NA,NA,75,19,57,55,NA,NA,NA,NA,NA,NA,NA,NA,NA,NA,77,14,NA,NA,NA,NA,NA,NA,NA,NA,NA,NA,16,27,61,2,NA,NA,NA,NA,NA,NA,NA,NA,NA,NA,58,30
"00002357_R_500_slap_08.png",0,44,NA,0,0,NA,NA,NA,NA,NA,NA,NA,NA,NA,NA,42,21,97,100,0,7,49,NA,NA,NA,NA,NA,NA,NA,NA,NA,NA,71,22,61,57,NA,NA,NA,NA,NA,NA,NA,NA,NA,NA,69,15,NA,NA,NA,NA,NA,NA,NA,NA,NA,NA,20,33,53,1,NA,NA,NA,NA,NA,NA,NA,NA,NA,NA,60,42
"00002358_R_500_slap_05.png",0,24,NA,0,0,NA,NA,NA,NA,NA,NA,NA,NA,NA,NA,43,22,47,68,0,0,52,NA,NA,NA,NA,NA,NA,NA,NA,NA,NA,69,22,68,65,NA,NA,NA,NA,NA,NA,NA,NA,NA,NA,62,14,NA,NA,NA,NA,NA,NA,NA,NA,NA,NA,7,14,47,1,NA,NA,NA,NA,NA,NA,NA,NA,NA,NA,53,33
"00002359_J_500_palm_10.png",0,44,NA,0,0,NA,NA,NA,NA,NA,NA,NA,NA,NA,NA,40,17,58,100,0,7,53,NA,NA,NA,NA,NA,NA,NA,NA,NA,NA,74,20,64,64,NA,NA,NA,NA,NA,NA,NA,NA,NA,NA,61,23,NA,NA,NA,NA,NA,NA,NA,NA,NA,NA,15,25,51,1,NA,NA,NA,NA,NA,NA,NA,NA,NA,NA,59,47
"00002361_R_500_slap_03.png",0,47,NA,0,0,NA,NA,NA,NA,NA,NA,NA,NA,NA,NA,40,18,78,100,0,3,65,NA,NA,NA,NA,NA,NA,NA,NA,NA,NA,65,24,71,70,NA,NA,NA,NA,NA,NA,NA,NA,NA,NA,60,19,NA,NA,NA,NA,NA,NA,NA,NA,NA,NA,16,29,43,1,NA,NA,NA,NA,NA,NA,NA,NA,NA,NA,59,40
"00002362_N_500_palm_05.png",0,34,NA,0,0,NA,NA,NA,NA,NA,NA,NA,NA,NA,NA,53,29,42,75,0,18,52,NA,NA,NA,NA,NA,NA,NA,NA,NA,NA,74,19,63,62,NA,NA,NA,NA,NA,NA,NA,NA,NA,NA,69,17,NA,NA,NA,NA,NA,NA,NA,NA,NA,NA,12,20,55,1,NA,NA,NA,NA,NA,NA,NA,NA,NA,NA,62,53
"00002362_R_500_slap_03.png",0,34,NA,0,0,NA,NA,NA,NA,NA,NA,NA,NA,NA,NA,51,28,97,100,0,4,72,NA,NA,NA,NA,NA,NA,NA,NA,NA,NA,60,33,80,79,NA,NA,NA,NA,NA,NA,NA,NA,NA,NA,63,20,NA,NA,NA,NA,NA,NA,NA,NA,NA,NA,14,25,49,1,NA,NA,NA,NA,NA,NA,NA,NA,NA,NA,67,59
"00002362_R_500_slap_05.png",0,31,NA,0,0,NA,NA,NA,NA,NA,NA,NA,NA,NA,NA,47,27,64,98,0,9,60,NA,NA,NA,NA,NA,NA,NA,NA,NA,NA,67,25,71,68,NA,NA,NA,NA,NA,NA,NA,NA,NA,NA,66,14,NA,NA,NA,NA,NA,NA,NA,NA,NA,NA,13,26,49,1,NA,NA,NA,NA,NA,NA,NA,NA,NA,NA,60,59
"00002362_R_500_slap_09.png",0,34,NA,0,0,NA,NA,NA,NA,NA,NA,NA,NA,NA,NA,45,25,100,100,0,6,53,NA,NA,NA,NA,NA,NA,NA,NA,NA,NA,71,21,65,63,NA,NA,NA,NA,NA,NA,NA,NA,NA,NA,66,21,NA,NA,NA,NA,NA,NA,NA,NA,NA,NA,14,29,54,1,NA,NA,NA,NA,NA,NA,NA,NA,NA,NA,59,38
"00002364_R_500_slap_09.png",0,28,NA,0,0,NA,NA,NA,NA,NA,NA,NA,NA,NA,NA,45,26,80,100,0,4,57,NA,NA,NA,NA,NA,NA,NA,NA,NA,NA,62,29,67,66,NA,NA,NA,NA,NA,NA,NA,NA,NA,NA,57,22,NA,NA,NA,NA,NA,NA,NA,NA,NA,NA,30,32,43,1,NA,NA,NA,NA,NA,NA,NA,NA,NA,NA,56,37
"00002367_R_500_slap_03.png",0,50,NA,0,0,NA,NA,NA,NA,NA,NA,NA,NA,NA,NA,37,13,37,50,0,0,71,NA,NA,NA,NA,NA,NA,NA,NA,NA,NA,74,19,78,77,NA,NA,NA,NA,NA,NA,NA,NA,NA,NA,65,10,NA,NA,NA,NA,NA,NA,NA,NA,NA,NA,20,30,48,1,NA,NA,NA,NA,NA,NA,NA,NA,NA,NA,53,31
"00002368_J_500_palm_10.png",0,16,NA,0,0,NA,NA,NA,NA,NA,NA,NA,NA,NA,NA,45,30,100,100,0,3,59,NA,NA,NA,NA,NA,NA,NA,NA,NA,NA,62,27,67,66,NA,NA,NA,NA,NA,NA,NA,NA,NA,NA,65,16,NA,NA,NA,NA,NA,NA,NA,NA,NA,NA,14,25,50,1,NA,NA,NA,NA,NA,NA,NA,NA,NA,NA,63,44
"00002371_J_500_palm_07.png",0,83,NA,0,0,NA,NA,NA,NA,NA,NA,NA,NA,NA,NA,44,16,43,78,0,40,61,NA,NA,NA,NA,NA,NA,NA,NA,NA,NA,78,15,72,70,NA,NA,NA,NA,NA,NA,NA,NA,NA,NA,76,18,NA,NA,NA,NA,NA,NA,NA,NA,NA,NA,16,30,66,2,NA,NA,NA,NA,NA,NA,NA,NA,NA,NA,54,28
"00002373_R_500_slap_06.png",0,94,NA,0,0,NA,NA,NA,NA,NA,NA,NA,NA,NA,NA,43,16,34,100,0,34,59,NA,NA,NA,NA,NA,NA,NA,NA,NA,NA,76,23,72,70,NA,NA,NA,NA,NA,NA,NA,NA,NA,NA,76,20,NA,NA,NA,NA,NA,NA,NA,NA,NA,NA,19,29,70,3,NA,NA,NA,NA,NA,NA,NA,NA,NA,NA,54,35
"00002374_R_500_slap_10.png",0,21,NA,0,0,NA,NA,NA,NA,NA,NA,NA,NA,NA,NA,50,29,48,70,0,0,48,NA,NA,NA,NA,NA,NA,NA,NA,NA,NA,75,19,66,64,NA,NA,NA,NA,NA,NA,NA,NA,NA,NA,61,13,NA,NA,NA,NA,NA,NA,NA,NA,NA,NA,5,6,45,0,NA,NA,NA,NA,NA,NA,NA,NA,NA,NA,65,56
"00002375_J_500_palm_02.png",0,82,NA,0,0,NA,NA,NA,NA,NA,NA,NA,NA,NA,NA,43,14,24,49,0,55,77,NA,NA,NA,NA,NA,NA,NA,NA,NA,NA,75,25,82,82,NA,NA,NA,NA,NA,NA,NA,NA,NA,NA,80,13,NA,NA,NA,NA,NA,NA,NA,NA,NA,NA,13,25,68,2,NA,NA,NA,NA,NA,NA,NA,NA,NA,NA,56,32
"00002376_R_500_slap_03.png",0,85,NA,0,0,NA,NA,NA,NA,NA,NA,NA,NA,NA,NA,42,17,25,86,0,4,63,NA,NA,NA,NA,NA,NA,NA,NA,NA,NA,75,17,71,69,NA,NA,NA,NA,NA,NA,NA,NA,NA,NA,61,16,NA,NA,NA,NA,NA,NA,NA,NA,NA,NA,15,30,45,2,NA,NA,NA,NA,NA,NA,NA,NA,NA,NA,62,45
"00002376_R_500_slap_05.png",0,51,NA,0,0,NA,NA,NA,NA,NA,NA,NA,NA,NA,NA,46,22,50,98,0,4,51,NA,NA,NA,NA,NA,NA,NA,NA,NA,NA,75,18,66,62,NA,NA,NA,NA,NA,NA,NA,NA,NA,NA,63,19,NA,NA,NA,NA,NA,NA,NA,NA,NA,NA,14,28,47,1,NA,NA,NA,NA,NA,NA,NA,NA,NA,NA,61,47
"00002383_J_500_palm_05.png",0,45,NA,0,0,NA,NA,NA,NA,NA,NA,NA,NA,NA,NA,43,20,40,75,0,6,70,NA,NA,NA,NA,NA,NA,NA,NA,NA,NA,76,15,77,77,NA,NA,NA,NA,NA,NA,NA,NA,NA,NA,66,15,NA,NA,NA,NA,NA,NA,NA,NA,NA,NA,11,23,48,1,NA,NA,NA,NA,NA,NA,NA,NA,NA,NA,60,43
"00002383_R_500_slap_06.png",0,91,NA,0,0,NA,NA,NA,NA,NA,NA,NA,NA,NA,NA,41,12,29,77,0,47,56,NA,NA,NA,NA,NA,NA,NA,NA,NA,NA,82,15,66,64,NA,NA,NA,NA,NA,NA,NA,NA,NA,NA,82,11,NA,NA,NA,NA,NA,NA,NA,NA,NA,NA,15,31,70,3,NA,NA,NA,NA,NA,NA,NA,NA,NA,NA,56,30
"00002384_N_500_palm_05.png",0,6,NA,0,0,NA,NA,NA,NA,NA,NA,NA,NA,NA,NA,50,30,100,100,0,0,72,NA,NA,NA,NA,NA,NA,NA,NA,NA,NA,61,24,81,79,NA,NA,NA,NA,NA,NA,NA,NA,NA,NA,43,17,NA,NA,NA,NA,NA,NA,NA,NA,NA,NA,20,27,28,0,NA,NA,NA,NA,NA,NA,NA,NA,NA,NA,64,57
"00002384_R_500_slap_04.png",0,3,NA,0,0,NA,NA,NA,NA,NA,NA,NA,NA,NA,NA,53,34,100,100,0,0,67,NA,NA,NA,NA,NA,NA,NA,NA,NA,NA,52,32,79,78,NA,NA,NA,NA,NA,NA,NA,NA,NA,NA,51,18,NA,NA,NA,NA,NA,NA,NA,NA,NA,NA,9,20,35,1,NA,NA,NA,NA,NA,NA,NA,NA,NA,NA,64,45
"00002386_R_500_slap_04.png",0,0,NA,0,0,NA,NA,NA,NA,NA,NA,NA,NA,NA,NA,49,34,100,100,0,0,63,NA,NA,NA,NA,NA,NA,NA,NA,NA,NA,52,32,71,70,NA,NA,NA,NA,NA,NA,NA,NA,NA,NA,51,16,NA,NA,NA,NA,NA,NA,NA,NA,NA,NA,14,24,34,1,NA,NA,NA,NA,NA,NA,NA,NA,NA,NA,68,68
"00002391_R_500_slap_07.png",0,31,NA,0,0,NA,NA,NA,NA,NA,NA,NA,NA,NA,NA,40,23,100,100,0,0,78,NA,NA,NA,NA,NA,NA,NA,NA,NA,NA,68,22,83,82,NA,NA,NA,NA,NA,NA,NA,NA,NA,NA,56,13,NA,NA,NA,NA,NA,NA,NA,NA,NA,NA,22,32,42,1,NA,NA,NA,NA,NA,NA,NA,NA,NA,NA,59,43
"00002392_R_500_slap_04.png",0,81,NA,0,0,NA,NA,NA,NA,NA,NA,NA,NA,NA,NA,43,18,35,90,0,33,50,NA,NA,NA,NA,NA,NA,NA,NA,NA,NA,79,16,63,59,NA,NA,NA,NA,NA,NA,NA,NA,NA,NA,73,19,NA,NA,NA,NA,NA,NA,NA,NA,NA,NA,18,32,59,2,NA,NA,NA,NA,NA,NA,NA,NA,NA,NA,55,33
"00002392_R_500_slap_08.png",0,78,NA,0,0,NA,NA,NA,NA,NA,NA,NA,NA,NA,NA,42,13,52,97,0,24,59,NA,NA,NA,NA,NA,NA,NA,NA,NA,NA,77,20,67,65,NA,NA,NA,NA,NA,NA,NA,NA,NA,NA,71,16,NA,NA,NA,NA,NA,NA,NA,NA,NA,NA,17,30,55,2,NA,NA,NA,NA,NA,NA,NA,NA,NA,NA,56,37
"00002396_R_500_slap_01.png",0,38,NA,0,0,NA,NA,NA,NA,NA,NA,NA,NA,NA,NA,41,23,96,100,0,2,44,NA,NA,NA,NA,NA,NA,NA,NA,NA,NA,66,24,59,56,NA,NA,NA,NA,NA,NA,NA,NA,NA,NA,62,19,NA,NA,NA,NA,NA,NA,NA,NA,NA,NA,15,31,45,2,NA,NA,NA,NA,NA,NA,NA,NA,NA,NA,64,43
"00002396_R_500_slap_08.png",0,21,NA,0,0,NA,NA,NA,NA,NA,NA,NA,NA,NA,NA,37,23,100,100,0,1,66,NA,NA,NA,NA,NA,NA,NA,NA,NA,NA,57,28,74,72,NA,NA,NA,NA,NA,NA,NA,NA,NA,NA,53,20,NA,NA,NA,NA,NA,NA,NA,NA,NA,NA,10,21,38,1,NA,NA,NA,NA,NA,NA,NA,NA,NA,NA,64,52
"00002399_J_500_palm_08.png",0,55,NA,0,0,NA,NA,NA,NA,NA,NA,NA,NA,NA,NA,44,22,74,100,0,17,71,NA,NA,NA,NA,NA,NA,NA,NA,NA,NA,63,29,80,78,NA,NA,NA,NA,NA,NA,NA,NA,NA,NA,71,20,NA,NA,NA,NA,NA,NA,NA,NA,NA,NA,11,23,64,1,NA,NA,NA,NA,NA,NA,NA,NA,NA,NA,61,47
"00002401_N_500_palm_02.png",0,67,NA,0,0,NA,NA,NA,NA,NA,NA,NA,NA,NA,NA,44,16,19,33,0,30,52,NA,NA,NA,NA,NA,NA,NA,NA,NA,NA,81,11,62,59,NA,NA,NA,NA,NA,NA,NA,NA,NA,NA,74,14,NA,NA,NA,NA,NA,NA,NA,NA,NA,NA,20,34,56,1,NA,NA,NA,NA,NA,NA,NA,NA,NA,NA,59,35
"00002401_R_500_slap_06.png",0,80,NA,0,0,NA,NA,NA,NA,NA,NA,NA,NA,NA,NA,40,16,25,95,0,49,49,NA,NA,NA,NA,NA,NA,NA,NA,NA,NA,82,8,62,59,NA,NA,NA,NA,NA,NA,NA,NA,NA,NA,80,17,NA,NA,NA,NA,NA,NA,NA,NA,NA,NA,14,28,68,3,NA,NA,NA,NA,NA,NA,NA,NA,NA,NA,61,36
"00002401_R_500_slap_08.png",0,75,NA,0,0,NA,NA,NA,NA,NA,NA,NA,NA,NA,NA,36,12,32,59,0,18,62,NA,NA,NA,NA,NA,NA,NA,NA,NA,NA,80,6,69,68,NA,NA,NA,NA,NA,NA,NA,NA,NA,NA,70,17,NA,NA,NA,NA,NA,NA,NA,NA,NA,NA,18,31,54,1,NA,NA,NA,NA,NA,NA,NA,NA,NA,NA,57,35
"00002403_R_500_slap_04.png",0,30,NA,0,0,NA,NA,NA,NA,NA,NA,NA,NA,NA,NA,39,22,87,100,0,0,59,NA,NA,NA,NA,NA,NA,NA,NA,NA,NA,66,23,70,67,NA,NA,NA,NA,NA,NA,NA,NA,NA,NA,61,10,NA,NA,NA,NA,NA,NA,NA,NA,NA,NA,11,23,45,1,NA,NA,NA,NA,NA,NA,NA,NA,NA,NA,63,47
"00002405_R_500_slap_01.png",0,75,NA,0,0,NA,NA,NA,NA,NA,NA,NA,NA,NA,NA,45,11,18,62,0,83,60,NA,NA,NA,NA,NA,NA,NA,NA,NA,NA,83,17,72,69,NA,NA,NA,NA,NA,NA,NA,NA,NA,NA,88,9,NA,NA,NA,NA,NA,NA,NA,NA,NA,NA,13,29,80,4,NA,NA,NA,NA,NA,NA,NA,NA,NA,NA,52,23
"00002406_R_500_slap_05.png",0,4,NA,0,0,NA,NA,NA,NA,NA,NA,NA,NA,NA,NA,54,34,100,100,0,0,53,NA,NA,NA,NA,NA,NA,NA,NA,NA,NA,63,25,64,62,NA,NA,NA,NA,NA,NA,NA,NA,NA,NA,62,13,NA,NA,NA,NA,NA,NA,NA,NA,NA,NA,11,16,44,0,NA,NA,NA,NA,NA,NA,NA,NA,NA,NA,68,67
"00002406_R_500_slap_08.png",0,9,NA,0,0,NA,NA,NA,NA,NA,NA,NA,NA,NA,NA,46,30,100,100,0,0,68,NA,NA,NA,NA,NA,NA,NA,NA,NA,NA,59,28,76,74,NA,NA,NA,NA,NA,NA,NA,NA,NA,NA,56,15,NA,NA,NA,NA,NA,NA,NA,NA,NA,NA,12,21,40,1,NA,NA,NA,NA,NA,NA,NA,NA,NA,NA,66,60
"00002408_R_500_slap_02.png",0,60,NA,0,0,NA,NA,NA,NA,NA,NA,NA,NA,NA,NA,38,18,58,94,0,4,66,NA,NA,NA,NA,NA,NA,NA,NA,NA,NA,71,22,75,73,NA,NA,NA,NA,NA,NA,NA,NA,NA,NA,66,13,NA,NA,NA,NA,NA,NA,NA,NA,NA,NA,17,25,49,1,NA,NA,NA,NA,NA,NA,NA,NA,NA,NA,56,37
"00002408_R_500_slap_08.png",0,46,NA,0,0,NA,NA,NA,NA,NA,NA,NA,NA,NA,NA,41,23,78,99,0,4,68,NA,NA,NA,NA,NA,NA,NA,NA,NA,NA,69,23,75,73,NA,NA,NA,NA,NA,NA,NA,NA,NA,NA,65,13,NA,NA,NA,NA,NA,NA,NA,NA,NA,NA,26,32,48,1,NA,NA,NA,NA,NA,NA,NA,NA,NA,NA,62,45
"00002409_R_500_slap_02.png",0,63,NA,0,0,NA,NA,NA,NA,NA,NA,NA,NA,NA,NA,44,21,37,73,0,1,67,NA,NA,NA,NA,NA,NA,NA,NA,NA,NA,74,18,76,76,NA,NA,NA,NA,NA,NA,NA,NA,NA,NA,63,14,NA,NA,NA,NA,NA,NA,NA,NA,NA,NA,15,26,48,1,NA,NA,NA,NA,NA,NA,NA,NA,NA,NA,63,56
"00002409_R_500_slap_09.png",0,15,NA,0,0,NA,NA,NA,NA,NA,NA,NA,NA,NA,NA,46,30,100,100,0,1,47,NA,NA,NA,NA,NA,NA,NA,NA,NA,NA,60,30,56,55,NA,NA,NA,NA,NA,NA,NA,NA,NA,NA,67,18,NA,NA,NA,NA,NA,NA,NA,NA,NA,NA,11,22,50,1,NA,NA,NA,NA,NA,NA,NA,NA,NA,NA,67,52
"00002415_R_500_slap_05.png",0,31,NA,0,0,NA,NA,NA,NA,NA,NA,NA,NA,NA,NA,43,26,44,77,0,13,48,NA,NA,NA,NA,NA,NA,NA,NA,NA,NA,69,20,61,59,NA,NA,NA,NA,NA,NA,NA,NA,NA,NA,63,17,NA,NA,NA,NA,NA,NA,NA,NA,NA,NA,17,39,50,1,NA,NA,NA,NA,NA,NA,NA,NA,NA,NA,57,36
"00002415_R_500_slap_09.png",0,48,NA,0,0,NA,NA,NA,NA,NA,NA,NA,NA,NA,NA,41,18,34,56,0,27,37,NA,NA,NA,NA,NA,NA,NA,NA,NA,NA,79,15,49,47,NA,NA,NA,NA,NA,NA,NA,NA,NA,NA,80,13,NA,NA,NA,NA,NA,NA,NA,NA,NA,NA,11,20,68,1,NA,NA,NA,NA,NA,NA,NA,NA,NA,NA,60,41
"00002418_R_500_slap_06.png",0,72,NA,0,0,NA,NA,NA,NA,NA,NA,NA,NA,NA,NA,42,19,39,100,0,24,46,NA,NA,NA,NA,NA,NA,NA,NA,NA,NA,75,20,60,57,NA,NA,NA,NA,NA,NA,NA,NA,NA,NA,76,15,NA,NA,NA,NA,NA,NA,NA,NA,NA,NA,17,31,62,3,NA,NA,NA,NA,NA,NA,NA,NA,NA,NA,62,44
"00002420_R_500_slap_04.png",0,63,NA,0,0,NA,NA,NA,NA,NA,NA,NA,NA,NA,NA,42,19,51,81,0,18,62,NA,NA,NA,NA,NA,NA,NA,NA,NA,NA,68,27,74,72,NA,NA,NA,NA,NA,NA,NA,NA,NA,NA,66,20,NA,NA,NA,NA,NA,NA,NA,NA,NA,NA,15,24,50,1,NA,NA,NA,NA,NA,NA,NA,NA,NA,NA,60,38
"00002420_R_500_slap_09.png",0,58,NA,0,0,NA,NA,NA,NA,NA,NA,NA,NA,NA,NA,40,21,41,85,0,32,47,NA,NA,NA,NA,NA,NA,NA,NA,NA,NA,72,25,63,60,NA,NA,NA,NA,NA,NA,NA,NA,NA,NA,78,13,NA,NA,NA,NA,NA,NA,NA,NA,NA,NA,13,21,62,1,NA,NA,NA,NA,NA,NA,NA,NA,NA,NA,60,37
"00002424_R_500_slap_01.png",0,94,NA,0,0,NA,NA,NA,NA,NA,NA,NA,NA,NA,NA,45,16,25,85,0,24,65,NA,NA,NA,NA,NA,NA,NA,NA,NA,NA,79,17,76,74,NA,NA,NA,NA,NA,NA,NA,NA,NA,NA,69,17,NA,NA,NA,NA,NA,NA,NA,NA,NA,NA,17,29,55,2,NA,NA,NA,NA,NA,NA,NA,NA,NA,NA,54,27
"00002428_R_500_slap_02.png",0,93,NA,0,0,NA,NA,NA,NA,NA,NA,NA,NA,NA,NA,45,14,31,67,0,51,62,NA,NA,NA,NA,NA,NA,NA,NA,NA,NA,83,13,73,70,NA,NA,NA,NA,NA,NA,NA,NA,NA,NA,77,18,NA,NA,NA,NA,NA,NA,NA,NA,NA,NA,16,27,66,2,NA,NA,NA,NA,NA,NA,NA,NA,NA,NA,52,29
"00002433_J_500_palm_08.png",0,94,NA,0,0,NA,NA,NA,NA,NA,NA,NA,NA,NA,NA,44,14,24,62,0,58,65,NA,NA,NA,NA,NA,NA,NA,NA,NA,NA,77,22,74,70,NA,NA,NA,NA,NA,NA,NA,NA,NA,NA,77,18,NA,NA,NA,NA,NA,NA,NA,NA,NA,NA,13,27,68,2,NA,NA,NA,NA,NA,NA,NA,NA,NA,NA,55,30
"00002433_J_500_palm_09.png",0,86,NA,0,0,NA,NA,NA,NA,NA,NA,NA,NA,NA,NA,45,15,30,83,0,54,57,NA,NA,NA,NA,NA,NA,NA,NA,NA,NA,80,15,69,66,NA,NA,NA,NA,NA,NA,NA,NA,NA,NA,74,23,NA,NA,NA,NA,NA,NA,NA,NA,NA,NA,13,25,67,3,NA,NA,NA,NA,NA,NA,NA,NA,NA,NA,55,27
"00002433_N_500_palm_07.png",0,84,NA,0,0,NA,NA,NA,NA,NA,NA,NA,NA,NA,NA,44,12,24,65,0,65,50,NA,NA,NA,NA,NA,NA,NA,NA,NA,NA,81,16,61,60,NA,NA,NA,NA,NA,NA,NA,NA,NA,NA,83,13,NA,NA,NA,NA,NA,NA,NA,NA,NA,NA,13,25,70,2,NA,NA,NA,NA,NA,NA,NA,NA,NA,NA,54,25
"00002434_N_500_palm_04.png",0,66,NA,0,0,NA,NA,NA,NA,NA,NA,NA,NA,NA,NA,44,20,49,77,0,23,61,NA,NA,NA,NA,NA,NA,NA,NA,NA,NA,78,15,73,72,NA,NA,NA,NA,NA,NA,NA,NA,NA,NA,71,21,NA,NA,NA,NA,NA,NA,NA,NA,NA,NA,17,33,61,1,NA,NA,NA,NA,NA,NA,NA,NA,NA,NA,56,31
"00002435_N_500_palm_03.png",0,82,NA,0,0,NA,NA,NA,NA,NA,NA,NA,NA,NA,NA,44,15,27,45,0,51,71,NA,NA,NA,NA,NA,NA,NA,NA,NA,NA,71,30,79,76,NA,NA,NA,NA,NA,NA,NA,NA,NA,NA,83,14,NA,NA,NA,NA,NA,NA,NA,NA,NA,NA,14,25,70,1,NA,NA,NA,NA,NA,NA,NA,NA,NA,NA,54,25
"00002437_S_500_slap_08.png",0,74,NA,0,0,NA,NA,NA,NA,NA,NA,NA,NA,NA,NA,43,16,21,51,0,27,59,NA,NA,NA,NA,NA,NA,NA,NA,NA,NA,76,23,70,68,NA,NA,NA,NA,NA,NA,NA,NA,NA,NA,78,9,NA,NA,NA,NA,NA,NA,NA,NA,NA,NA,12,26,65,2,NA,NA,NA,NA,NA,NA,NA,NA,NA,NA,56,31
"00002439_Q_500_palm_02.png",0,79,NA,0,0,NA,NA,NA,NA,NA,NA,NA,NA,NA,NA,41,16,55,88,0,22,71,NA,NA,NA,NA,NA,NA,NA,NA,NA,NA,75,24,77,76,NA,NA,NA,NA,NA,NA,NA,NA,NA,NA,74,11,NA,NA,NA,NA,NA,NA,NA,NA,NA,NA,16,24,57,1,NA,NA,NA,NA,NA,NA,NA,NA,NA,NA,54,25
"00002439_S_500_slap_10.png",0,33,NA,0,0,NA,NA,NA,NA,NA,NA,NA,NA,NA,NA,43,23,77,97,0,0,71,NA,NA,NA,NA,NA,NA,NA,NA,NA,NA,67,23,80,79,NA,NA,NA,NA,NA,NA,NA,NA,NA,NA,58,15,NA,NA,NA,NA,NA,NA,NA,NA,NA,NA,16,23,43,0,NA,NA,NA,NA,NA,NA,NA,NA,NA,NA,63,48
"00002440_R_500_slap_03.png",0,94,NA,0,0,NA,NA,NA,NA,NA,NA,NA,NA,NA,NA,43,14,34,86,0,7,75,NA,NA,NA,NA,NA,NA,NA,NA,NA,NA,78,18,80,79,NA,NA,NA,NA,NA,NA,NA,NA,NA,NA,67,18,NA,NA,NA,NA,NA,NA,NA,NA,NA,NA,15,33,52,2,NA,NA,NA,NA,NA,NA,NA,NA,NA,NA,54,27
"00002443_Q_500_palm_10.png",0,55,NA,0,0,NA,NA,NA,NA,NA,NA,NA,NA,NA,NA,44,20,28,49,0,32,55,NA,NA,NA,NA,NA,NA,NA,NA,NA,NA,79,15,68,65,NA,NA,NA,NA,NA,NA,NA,NA,NA,NA,74,19,NA,NA,NA,NA,NA,NA,NA,NA,NA,NA,9,19,61,1,NA,NA,NA,NA,NA,NA,NA,NA,NA,NA,54,26
"00002445_J_500_palm_02.png",0,81,NA,0,0,NA,NA,NA,NA,NA,NA,NA,NA,NA,NA,48,22,35,65,0,32,54,NA,NA,NA,NA,NA,NA,NA,NA,NA,NA,79,16,67,63,NA,NA,NA,NA,NA,NA,NA,NA,NA,NA,76,17,NA,NA,NA,NA,NA,NA,NA,NA,NA,NA,17,29,66,2,NA,NA,NA,NA,NA,NA,NA,NA,NA,NA,58,30
"00002445_S_500_slap_05.png",0,48,NA,0,0,NA,NA,NA,NA,NA,NA,NA,NA,NA,NA,46,26,62,90,0,10,35,NA,NA,NA,NA,NA,NA,NA,NA,NA,NA,78,13,49,48,NA,NA,NA,NA,NA,NA,NA,NA,NA,NA,74,14,NA,NA,NA,NA,NA,NA,NA,NA,NA,NA,15,28,58,1,NA,NA,NA,NA,NA,NA,NA,NA,NA,NA,62,43
"00002447_R_500_slap_01.png",0,38,NA,0,0,NA,NA,NA,NA,NA,NA,NA,NA,NA,NA,38,22,94,100,0,0,75,NA,NA,NA,NA,NA,NA,NA,NA,NA,NA,60,30,82,81,NA,NA,NA,NA,NA,NA,NA,NA,NA,NA,60,15,NA,NA,NA,NA,NA,NA,NA,NA,NA,NA,18,32,44,2,NA,NA,NA,NA,NA,NA,NA,NA,NA,NA,63,45
"00002447_R_500_slap_06.png",0,56,NA,0,0,NA,NA,NA,NA,NA,NA,NA,NA,NA,NA,39,19,89,100,0,1,69,NA,NA,NA,NA,NA,NA,NA,NA,NA,NA,71,22,76,75,NA,NA,NA,NA,NA,NA,NA,NA,NA,NA,62,17,NA,NA,NA,NA,NA,NA,NA,NA,NA,NA,17,32,47,2,NA,NA,NA,NA,NA,NA,NA,NA,NA,NA,58,44
"00002454_N_500_palm_02.png",0,78,NA,0,0,NA,NA,NA,NA,NA,NA,NA,NA,NA,NA,45,19,29,69,0,30,57,NA,NA,NA,NA,NA,NA,NA,NA,NA,NA,79,16,68,66,NA,NA,NA,NA,NA,NA,NA,NA,NA,NA,74,14,NA,NA,NA,NA,NA,NA,NA,NA,NA,NA,15,25,61,2,NA,NA,NA,NA,NA,NA,NA,NA,NA,NA,61,53
"00002455_R_500_slap_01.png",0,89,NA,0,0,NA,NA,NA,NA,NA,NA,NA,NA,NA,NA,44,17,21,100,0,1,73,NA,NA,NA,NA,NA,NA,NA,NA,NA,NA,75,19,80,78,NA,NA,NA,NA,NA,NA,NA,NA,NA,NA,64,13,NA,NA,NA,NA,NA,NA,NA,NA,NA,NA,14,30,48,2,NA,NA,NA,NA,NA,NA,NA,NA,NA,NA,56,31
"00002458_J_500_palm_02.png",0,61,NA,0,0,NA,NA,NA,NA,NA,NA,NA,NA,NA,NA,39,15,73,100,0,0,71,NA,NA,NA,NA,NA,NA,NA,NA,NA,NA,68,26,77,77,NA,NA,NA,NA,NA,NA,NA,NA,NA,NA,66,17,NA,NA,NA,NA,NA,NA,NA,NA,NA,NA,19,28,50,1,NA,NA,NA,NA,NA,NA,NA,NA,NA,NA,53,27
"00002458_N_500_palm_09.png",0,19,NA,0,0,NA,NA,NA,NA,NA,NA,NA,NA,NA,NA,47,27,100,100,0,10,62,NA,NA,NA,NA,NA,NA,NA,NA,NA,NA,50,34,71,69,NA,NA,NA,NA,NA,NA,NA,NA,NA,NA,55,24,NA,NA,NA,NA,NA,NA,NA,NA,NA,NA,19,34,41,1,NA,NA,NA,NA,NA,NA,NA,NA,NA,NA,61,44
"00002458_S_500_slap_02.png",0,25,NA,0,0,NA,NA,NA,NA,NA,NA,NA,NA,NA,NA,47,28,100,100,0,9,71,NA,NA,NA,NA,NA,NA,NA,NA,NA,NA,58,33,76,76,NA,NA,NA,NA,NA,NA,NA,NA,NA,NA,67,19,NA,NA,NA,NA,NA,NA,NA,NA,NA,NA,24,32,51,1,NA,NA,NA,NA,NA,NA,NA,NA,NA,NA,60,54
"00002462_N_500_palm_02.png",0,33,NA,0,0,NA,NA,NA,NA,NA,NA,NA,NA,NA,NA,49,24,28,65,0,4,67,NA,NA,NA,NA,NA,NA,NA,NA,NA,NA,75,14,78,76,NA,NA,NA,NA,NA,NA,NA,NA,NA,NA,56,23,NA,NA,NA,NA,NA,NA,NA,NA,NA,NA,13,23,46,1,NA,NA,NA,NA,NA,NA,NA,NA,NA,NA,68,56
"00002462_R_500_slap_01.png",0,89,NA,0,0,NA,NA,NA,NA,NA,NA,NA,NA,NA,NA,42,15,29,100,0,15,63,NA,NA,NA,NA,NA,NA,NA,NA,NA,NA,79,17,72,70,NA,NA,NA,NA,NA,NA,NA,NA,NA,NA,72,15,NA,NA,NA,NA,NA,NA,NA,NA,NA,NA,15,29,56,3,NA,NA,NA,NA,NA,NA,NA,NA,NA,NA,57,37
"00002462_R_500_slap_03.png",0,17,NA,0,0,NA,NA,NA,NA,NA,NA,NA,NA,NA,NA,46,25,65,100,0,2,58,NA,NA,NA,NA,NA,NA,NA,NA,NA,NA,71,20,66,65,NA,NA,NA,NA,NA,NA,NA,NA,NA,NA,55,18,NA,NA,NA,NA,NA,NA,NA,NA,NA,NA,22,41,37,1,NA,NA,NA,NA,NA,NA,NA,NA,NA,NA,69,57
"00002463_R_500_slap_06.png",0,69,NA,0,0,NA,NA,NA,NA,NA,NA,NA,NA,NA,NA,43,16,41,90,0,0,66,NA,NA,NA,NA,NA,NA,NA,NA,NA,NA,77,10,74,73,NA,NA,NA,NA,NA,NA,NA,NA,NA,NA,61,9,NA,NA,NA,NA,NA,NA,NA,NA,NA,NA,15,29,44,2,NA,NA,NA,NA,NA,NA,NA,NA,NA,NA,58,33
"00002466_N_500_palm_04.png",0,77,NA,0,0,NA,NA,NA,NA,NA,NA,NA,NA,NA,NA,46,19,29,63,0,24,53,NA,NA,NA,NA,NA,NA,NA,NA,NA,NA,79,17,68,66,NA,NA,NA,NA,NA,NA,NA,NA,NA,NA,71,20,NA,NA,NA,NA,NA,NA,NA,NA,NA,NA,22,39,58,2,NA,NA,NA,NA,NA,NA,NA,NA,NA,NA,53,25
"00002475_J_500_palm_04.png",0,23,NA,0,0,NA,NA,NA,NA,NA,NA,NA,NA,NA,NA,41,24,78,100,0,0,76,NA,NA,NA,NA,NA,NA,NA,NA,NA,NA,62,26,87,86,NA,NA,NA,NA,NA,NA,NA,NA,NA,NA,46,15,NA,NA,NA,NA,NA,NA,NA,NA,NA,NA,25,39,33,0,NA,NA,NA,NA,NA,NA,NA,NA,NA,NA,63,54
"00002475_J_500_palm_10.png",0,1,NA,0,0,NA,NA,NA,NA,NA,NA,NA,NA,NA,NA,53,31,67,100,0,0,75,NA,NA,NA,NA,NA,NA,NA,NA,NA,NA,64,22,85,82,NA,NA,NA,NA,NA,NA,NA,NA,NA,NA,42,17,NA,NA,NA,NA,NA,NA,NA,NA,NA,NA,18,23,32,0,NA,NA,NA,NA,NA,NA,NA,NA,NA,NA,68,55
"00002475_S_500_slap_01.png",0,10,NA,0,0,NA,NA,NA,NA,NA,NA,NA,NA,NA,NA,44,28,86,100,0,1,59,NA,NA,NA,NA,NA,NA,NA,NA,NA,NA,59,30,70,67,NA,NA,NA,NA,NA,NA,NA,NA,NA,NA,57,14,NA,NA,NA,NA,NA,NA,NA,NA,NA,NA,15,29,40,1,NA,NA,NA,NA,NA,NA,NA,NA,NA,NA,66,60
"00002475_S_500_slap_04.png",0,20,NA,0,0,NA,NA,NA,NA,NA,NA,NA,NA,NA,NA,38,21,76,100,0,0,52,NA,NA,NA,NA,NA,NA,NA,NA,NA,NA,69,19,64,61,NA,NA,NA,NA,NA,NA,NA,NA,NA,NA,50,15,NA,NA,NA,NA,NA,NA,NA,NA,NA,NA,26,32,33,1,NA,NA,NA,NA,NA,NA,NA,NA,NA,NA,70,66
"00002478_N_500_palm_05.png",0,3,NA,0,0,NA,NA,NA,NA,NA,NA,NA,NA,NA,NA,59,33,90,100,0,5,55,NA,NA,NA,NA,NA,NA,NA,NA,NA,NA,63,24,72,70,NA,NA,NA,NA,NA,NA,NA,NA,NA,NA,54,25,NA,NA,NA,NA,NA,NA,NA,NA,NA,NA,20,34,39,1,NA,NA,NA,NA,NA,NA,NA,NA,NA,NA,70,70
"00002478_Q_500_palm_03.png",0,31,NA,0,0,NA,NA,NA,NA,NA,NA,NA,NA,NA,NA,45,24,93,100,0,8,59,NA,NA,NA,NA,NA,NA,NA,NA,NA,NA,59,31,68,66,NA,NA,NA,NA,NA,NA,NA,NA,NA,NA,61,23,NA,NA,NA,NA,NA,NA,NA,NA,NA,NA,18,35,47,1,NA,NA,NA,NA,NA,NA,NA,NA,NA,NA,59,46
"00002484_Q_500_palm_05.png",0,20,NA,0,0,NA,NA,NA,NA,NA,NA,NA,NA,NA,NA,42,24,58,66,0,7,64,NA,NA,NA,NA,NA,NA,NA,NA,NA,NA,65,25,74,71,NA,NA,NA,NA,NA,NA,NA,NA,NA,NA,64,15,NA,NA,NA,NA,NA,NA,NA,NA,NA,NA,14,26,48,0,NA,NA,NA,NA,NA,NA,NA,NA,NA,NA,70,61
"00002489_J_500_palm_02.png",0,84,NA,0,0,NA,NA,NA,NA,NA,NA,NA,NA,NA,NA,45,13,33,56,0,68,57,NA,NA,NA,NA,NA,NA,NA,NA,NA,NA,84,13,68,66,NA,NA,NA,NA,NA,NA,NA,NA,NA,NA,81,16,NA,NA,NA,NA,NA,NA,NA,NA,NA,NA,16,27,73,2,NA,NA,NA,NA,NA,NA,NA,NA,NA,NA,52,21
"00002494_J_500_palm_04.png",0,40,NA,0,0,NA,NA,NA,NA,NA,NA,NA,NA,NA,NA,44,20,50,75,0,1,67,NA,NA,NA,NA,NA,NA,NA,NA,NA,NA,68,21,79,77,NA,NA,NA,NA,NA,NA,NA,NA,NA,NA,49,18,NA,NA,NA,NA,NA,NA,NA,NA,NA,NA,15,18,40,0,NA,NA,NA,NA,NA,NA,NA,NA,NA,NA,60,41
"00002494_J_500_palm_10.png",0,13,NA,0,0,NA,NA,NA,NA,NA,NA,NA,NA,NA,NA,53,30,78,100,0,8,55,NA,NA,NA,NA,NA,NA,NA,NA,NA,NA,70,18,71,67,NA,NA,NA,NA,NA,NA,NA,NA,NA,NA,60,20,NA,NA,NA,NA,NA,NA,NA,NA,NA,NA,7,10,46,1,NA,NA,NA,NA,NA,NA,NA,NA,NA,NA,61,50
"00002494_S_500_slap_03.png",0,75,NA,0,0,NA,NA,NA,NA,NA,NA,NA,NA,NA,NA,38,13,34,56,0,14,67,NA,NA,NA,NA,NA,NA,NA,NA,NA,NA,77,13,77,74,NA,NA,NA,NA,NA,NA,NA,NA,NA,NA,68,15,NA,NA,NA,NA,NA,NA,NA,NA,NA,NA,17,29,53,1,NA,NA,NA,NA,NA,NA,NA,NA,NA,NA,58,31
"00002495_J_500_palm_03.png",0,86,NA,0,0,NA,NA,NA,NA,NA,NA,NA,NA,NA,NA,48,18,24,59,0,25,72,NA,NA,NA,NA,NA,NA,NA,NA,NA,NA,80,19,80,79,NA,NA,NA,NA,NA,NA,NA,NA,NA,NA,70,18,NA,NA,NA,NA,NA,NA,NA,NA,NA,NA,19,35,59,2,NA,NA,NA,NA,NA,NA,NA,NA,NA,NA,57,51
"00002495_S_500_slap_08.png",0,83,NA,0,0,NA,NA,NA,NA,NA,NA,NA,NA,NA,NA,46,16,24,52,0,23,72,NA,NA,NA,NA,NA,NA,NA,NA,NA,NA,77,23,79,78,NA,NA,NA,NA,NA,NA,NA,NA,NA,NA,66,20,NA,NA,NA,NA,NA,NA,NA,NA,NA,NA,17,32,53,1,NA,NA,NA,NA,NA,NA,NA,NA,NA,NA,57,33
"00002497_N_500_palm_08.png",0,16,NA,0,0,NA,NA,NA,NA,NA,NA,NA,NA,NA,NA,49,34,47,50,0,0,88,NA,NA,NA,NA,NA,NA,NA,NA,NA,NA,50,33,95,95,NA,NA,NA,NA,NA,NA,NA,NA,NA,NA,37,23,NA,NA,NA,NA,NA,NA,NA,NA,NA,NA,9,7,35,0,NA,NA,NA,NA,NA,NA,NA,NA,NA,NA,63,41
"00002497_N_500_palm_09.png",0,0,NA,0,0,NA,NA,NA,NA,NA,NA,NA,NA,NA,NA,56,34,100,100,0,0,77,NA,NA,NA,NA,NA,NA,NA,NA,NA,NA,55,29,89,88,NA,NA,NA,NA,NA,NA,NA,NA,NA,NA,42,20,NA,NA,NA,NA,NA,NA,NA,NA,NA,NA,22,24,35,0,NA,NA,NA,NA,NA,NA,NA,NA,NA,NA,67,68
"00002502_Q_500_palm_05.png",0,29,NA,0,0,NA,NA,NA,NA,NA,NA,NA,NA,NA,NA,49,27,54,61,0,6,44,NA,NA,NA,NA,NA,NA,NA,NA,NA,NA,73,12,59,55,NA,NA,NA,NA,NA,NA,NA,NA,NA,NA,59,20,NA,NA,NA,NA,NA,NA,NA,NA,NA,NA,20,27,45,1,NA,NA,NA,NA,NA,NA,NA,NA,NA,NA,70,70
"00002504_N_500_palm_03.png",0,83,NA,0,0,NA,NA,NA,NA,NA,NA,NA,NA,NA,NA,44,16,42,100,0,32,60,NA,NA,NA,NA,NA,NA,NA,NA,NA,NA,70,29,73,72,NA,NA,NA,NA,NA,NA,NA,NA,NA,NA,74,19,NA,NA,NA,NA,NA,NA,NA,NA,NA,NA,18,31,65,2,NA,NA,NA,NA,NA,NA,NA,NA,NA,NA,59,34
"00002504_S_500_slap_06.png",0,93,NA,0,0,NA,NA,NA,NA,NA,NA,NA,NA,NA,NA,45,17,36,87,0,24,61,NA,NA,NA,NA,NA,NA,NA,NA,NA,NA,78,16,69,69,NA,NA,NA,NA,NA,NA,NA,NA,NA,NA,69,18,NA,NA,NA,NA,NA,NA,NA,NA,NA,NA,18,30,55,2,NA,NA,NA,NA,NA,NA,NA,NA,NA,NA,58,44
"00002505_N_500_palm_10.png",0,12,NA,0,0,NA,NA,NA,NA,NA,NA,NA,NA,NA,NA,57,31,30,44,0,18,58,NA,NA,NA,NA,NA,NA,NA,NA,NA,NA,67,25,74,71,NA,NA,NA,NA,NA,NA,NA,NA,NA,NA,60,20,NA,NA,NA,NA,NA,NA,NA,NA,NA,NA,9,24,46,1,NA,NA,NA,NA,NA,NA,NA,NA,NA,NA,64,54
"00002514_Q_500_palm_03.png",0,72,NA,0,0,NA,NA,NA,NA,NA,NA,NA,NA,NA,NA,43,15,29,40,0,30,67,NA,NA,NA,NA,NA,NA,NA,NA,NA,NA,80,16,78,76,NA,NA,NA,NA,NA,NA,NA,NA,NA,NA,73,13,NA,NA,NA,NA,NA,NA,NA,NA,NA,NA,16,29,59,1,NA,NA,NA,NA,NA,NA,NA,NA,NA,NA,56,26
"00002516_S_500_slap_09.png",0,48,NA,0,0,NA,NA,NA,NA,NA,NA,NA,NA,NA,NA,45,25,70,100,0,6,56,NA,NA,NA,NA,NA,NA,NA,NA,NA,NA,76,16,66,64,NA,NA,NA,NA,NA,NA,NA,NA,NA,NA,67,17,NA,NA,NA,NA,NA,NA,NA,NA,NA,NA,11,21,50,1,NA,NA,NA,NA,NA,NA,NA,NA,NA,NA,64,48
"00002521_Q_500_palm_10.png",0,13,NA,0,0,NA,NA,NA,NA,NA,NA,NA,NA,NA,NA,45,27,100,100,0,1,59,NA,NA,NA,NA,NA,NA,NA,NA,NA,NA,60,27,67,65,NA,NA,NA,NA,NA,NA,NA,NA,NA,NA,54,17,NA,NA,NA,NA,NA,NA,NA,NA,NA,NA,13,21,38,1,NA,NA,NA,NA,NA,NA,NA,NA,NA,NA,65,62
"00002523_J_500_palm_03.png",0,70,NA,0,0,NA,NA,NA,NA,NA,NA,NA,NA,NA,NA,47,21,36,54,0,1,81,NA,NA,NA,NA,NA,NA,NA,NA,NA,NA,75,15,87,86,NA,NA,NA,NA,NA,NA,NA,NA,NA,NA,60,19,NA,NA,NA,NA,NA,NA,NA,NA,NA,NA,17,27,45,1,NA,NA,NA,NA,NA,NA,NA,NA,NA,NA,57,38
"00002523_J_500_palm_05.png",0,8,NA,0,0,NA,NA,NA,NA,NA,NA,NA,NA,NA,NA,47,30,100,100,0,0,74,NA,NA,NA,NA,NA,NA,NA,NA,NA,NA,60,27,84,82,NA,NA,NA,NA,NA,NA,NA,NA,NA,NA,47,19,NA,NA,NA,NA,NA,NA,NA,NA,NA,NA,17,24,37,0,NA,NA,NA,NA,NA,NA,NA,NA,NA,NA,71,67
"00002523_S_500_slap_04.png",0,48,NA,0,0,NA,NA,NA,NA,NA,NA,NA,NA,NA,NA,42,21,78,100,0,2,71,NA,NA,NA,NA,NA,NA,NA,NA,NA,NA,75,14,81,77,NA,NA,NA,NA,NA,NA,NA,NA,NA,NA,62,15,NA,NA,NA,NA,NA,NA,NA,NA,NA,NA,21,27,47,1,NA,NA,NA,NA,NA,NA,NA,NA,NA,NA,61,43
"00002523_S_500_slap_05.png",0,19,NA,0,0,NA,NA,NA,NA,NA,NA,NA,NA,NA,NA,43,25,100,100,0,0,75,NA,NA,NA,NA,NA,NA,NA,NA,NA,NA,63,26,83,81,NA,NA,NA,NA,NA,NA,NA,NA,NA,NA,60,18,NA,NA,NA,NA,NA,NA,NA,NA,NA,NA,11,21,44,0,NA,NA,NA,NA,NA,NA,NA,NA,NA,NA,68,70
"00002528_N_500_palm_05.png",0,59,NA,0,0,NA,NA,NA,NA,NA,NA,NA,NA,NA,NA,43,22,40,74,0,31,50,NA,NA,NA,NA,NA,NA,NA,NA,NA,NA,75,19,63,60,NA,NA,NA,NA,NA,NA,NA,NA,NA,NA,73,18,NA,NA,NA,NA,NA,NA,NA,NA,NA,NA,16,29,62,2,NA,NA,NA,NA,NA,NA,NA,NA,NA,NA,59,36
"00002531_Q_500_palm_09.png",0,35,NA,0,0,NA,NA,NA,NA,NA,NA,NA,NA,NA,NA,48,27,70,94,0,13,51,NA,NA,NA,NA,NA,NA,NA,NA,NA,NA,74,22,61,60,NA,NA,NA,NA,NA,NA,NA,NA,NA,NA,71,18,NA,NA,NA,NA,NA,NA,NA,NA,NA,NA,18,30,57,1,NA,NA,NA,NA,NA,NA,NA,NA,NA,NA,61,53
"00002533_N_500_palm_10.png",0,27,NA,0,0,NA,NA,NA,NA,NA,NA,NA,NA,NA,NA,46,26,100,100,0,3,38,NA,NA,NA,NA,NA,NA,NA,NA,NA,NA,66,25,54,52,NA,NA,NA,NA,NA,NA,NA,NA,NA,NA,64,20,NA,NA,NA,NA,NA,NA,NA,NA,NA,NA,19,28,50,1,NA,NA,NA,NA,NA,NA,NA,NA,NA,NA,63,50
"00002533_Q_500_palm_09.png",0,50,NA,0,0,NA,NA,NA,NA,NA,NA,NA,NA,NA,NA,42,21,97,100,0,16,36,NA,NA,NA,NA,NA,NA,NA,NA,NA,NA,73,21,49,49,NA,NA,NA,NA,NA,NA,NA,NA,NA,NA,72,22,NA,NA,NA,NA,NA,NA,NA,NA,NA,NA,12,25,59,2,NA,NA,NA,NA,NA,NA,NA,NA,NA,NA,59,44
"00002533_S_500_slap_08.png",0,58,NA,0,0,NA,NA,NA,NA,NA,NA,NA,NA,NA,NA,46,24,52,58,0,24,52,NA,NA,NA,NA,NA,NA,NA,NA,NA,NA,69,28,66,62,NA,NA,NA,NA,NA,NA,NA,NA,NA,NA,81,13,NA,NA,NA,NA,NA,NA,NA,NA,NA,NA,23,28,67,1,NA,NA,NA,NA,NA,NA,NA,NA,NA,NA,54,30
"00002534_N_500_palm_05.png",0,54,NA,0,0,NA,NA,NA,NA,NA,NA,NA,NA,NA,NA,41,20,34,43,0,23,52,NA,NA,NA,NA,NA,NA,NA,NA,NA,NA,74,19,69,63,NA,NA,NA,NA,NA,NA,NA,NA,NA,NA,69,13,NA,NA,NA,NA,NA,NA,NA,NA,NA,NA,18,28,55,1,NA,NA,NA,NA,NA,NA,NA,NA,NA,NA,57,31
"00002544_S_500_slap_03.png",0,88,NA,0,0,NA,NA,NA,NA,NA,NA,NA,NA,NA,NA,44,13,30,75,0,25,61,NA,NA,NA,NA,NA,NA,NA,NA,NA,NA,80,14,70,68,NA,NA,NA,NA,NA,NA,NA,NA,NA,NA,69,16,NA,NA,NA,NA,NA,NA,NA,NA,NA,NA,12,26,55,2,NA,NA,NA,NA,NA,NA,NA,NA,NA,NA,55,30
"00002544_S_500_slap_08.png",0,84,NA,0,0,NA,NA,NA,NA,NA,NA,NA,NA,NA,NA,47,18,22,88,0,12,67,NA,NA,NA,NA,NA,NA,NA,NA,NA,NA,78,20,75,74,NA,NA,NA,NA,NA,NA,NA,NA,NA,NA,69,16,NA,NA,NA,NA,NA,NA,NA,NA,NA,NA,11,26,57,2,NA,NA,NA,NA,NA,NA,NA,NA,NA,NA,55,31
"00002547_N_500_palm_08.png",0,70,NA,0,0,NA,NA,NA,NA,NA,NA,NA,NA,NA,NA,38,13,38,65,0,23,49,NA,NA,NA,NA,NA,NA,NA,NA,NA,NA,78,16,60,56,NA,NA,NA,NA,NA,NA,NA,NA,NA,NA,72,12,NA,NA,NA,NA,NA,NA,NA,NA,NA,NA,13,21,55,1,NA,NA,NA,NA,NA,NA,NA,NA,NA,NA,56,38
"00002547_Q_500_palm_03.png",0,73,NA,0,0,NA,NA,NA,NA,NA,NA,NA,NA,NA,NA,43,16,40,70,0,11,53,NA,NA,NA,NA,NA,NA,NA,NA,NA,NA,79,13,66,62,NA,NA,NA,NA,NA,NA,NA,NA,NA,NA,68,13,NA,NA,NA,NA,NA,NA,NA,NA,NA,NA,18,28,52,1,NA,NA,NA,NA,NA,NA,NA,NA,NA,NA,60,36
"00002547_S_500_slap_04.png",0,65,NA,0,0,NA,NA,NA,NA,NA,NA,NA,NA,NA,NA,41,21,35,62,0,9,51,NA,NA,NA,NA,NA,NA,NA,NA,NA,NA,77,14,70,68,NA,NA,NA,NA,NA,NA,NA,NA,NA,NA,68,12,NA,NA,NA,NA,NA,NA,NA,NA,NA,NA,17,27,51,1,NA,NA,NA,NA,NA,NA,NA,NA,NA,NA,60,41
"00002551_S_500_slap_10.png",0,48,NA,0,0,NA,NA,NA,NA,NA,NA,NA,NA,NA,NA,39,22,66,74,0,8,73,NA,NA,NA,NA,NA,NA,NA,NA,NA,NA,42,36,86,84,NA,NA,NA,NA,NA,NA,NA,NA,NA,NA,57,21,NA,NA,NA,NA,NA,NA,NA,NA,NA,NA,15,17,54,0,NA,NA,NA,NA,NA,NA,NA,NA,NA,NA,63,53
"00002554_J_500_palm_08.png",0,17,NA,0,0,NA,NA,NA,NA,NA,NA,NA,NA,NA,NA,47,29,73,100,0,0,78,NA,NA,NA,NA,NA,NA,NA,NA,NA,NA,60,28,87,86,NA,NA,NA,NA,NA,NA,NA,NA,NA,NA,51,21,NA,NA,NA,NA,NA,NA,NA,NA,NA,NA,19,37,43,1,NA,NA,NA,NA,NA,NA,NA,NA,NA,NA,63,46
"00002554_S_500_slap_07.png",0,26,NA,0,0,NA,NA,NA,NA,NA,NA,NA,NA,NA,NA,41,24,100,100,0,0,83,NA,NA,NA,NA,NA,NA,NA,NA,NA,NA,51,32,88,87,NA,NA,NA,NA,NA,NA,NA,NA,NA,NA,48,15,NA,NA,NA,NA,NA,NA,NA,NA,NA,NA,14,27,34,0,NA,NA,NA,NA,NA,NA,NA,NA,NA,NA,64,51
"00002555_S_500_slap_08.png",0,64,NA,0,0,NA,NA,NA,NA,NA,NA,NA,NA,NA,NA,41,19,40,68,0,50,42,NA,NA,NA,NA,NA,NA,NA,NA,NA,NA,71,26,60,55,NA,NA,NA,NA,NA,NA,NA,NA,NA,NA,78,17,NA,NA,NA,NA,NA,NA,NA,NA,NA,NA,16,30,68,2,NA,NA,NA,NA,NA,NA,NA,NA,NA,NA,58,31
"00002559_S_500_slap_05.png",0,10,NA,0,0,NA,NA,NA,NA,NA,NA,NA,NA,NA,NA,46,29,100,100,0,3,72,NA,NA,NA,NA,NA,NA,NA,NA,NA,NA,56,30,82,80,NA,NA,NA,NA,NA,NA,NA,NA,NA,NA,58,19,NA,NA,NA,NA,NA,NA,NA,NA,NA,NA,15,31,42,1,NA,NA,NA,NA,NA,NA,NA,NA,NA,NA,64,53
"00002559_S_500_slap_07.png",0,62,NA,0,0,NA,NA,NA,NA,NA,NA,NA,NA,NA,NA,41,19,36,100,0,3,70,NA,NA,NA,NA,NA,NA,NA,NA,NA,NA,64,28,80,80,NA,NA,NA,NA,NA,NA,NA,NA,NA,NA,65,11,NA,NA,NA,NA,NA,NA,NA,NA,NA,NA,11,21,50,1,NA,NA,NA,NA,NA,NA,NA,NA,NA,NA,57,40
"00002559_S_500_slap_09.png",0,62,NA,0,0,NA,NA,NA,NA,NA,NA,NA,NA,NA,NA,39,18,38,87,0,23,60,NA,NA,NA,NA,NA,NA,NA,NA,NA,NA,71,22,71,70,NA,NA,NA,NA,NA,NA,NA,NA,NA,NA,71,16,NA,NA,NA,NA,NA,NA,NA,NA,NA,NA,11,26,57,2,NA,NA,NA,NA,NA,NA,NA,NA,NA,NA,55,34
"00002560_N_500_palm_10.png",0,18,NA,0,0,NA,NA,NA,NA,NA,NA,NA,NA,NA,NA,43,21,24,26,0,0,64,NA,NA,NA,NA,NA,NA,NA,NA,NA,NA,71,21,78,75,NA,NA,NA,NA,NA,NA,NA,NA,NA,NA,60,19,NA,NA,NA,NA,NA,NA,NA,NA,NA,NA,13,24,48,0,NA,NA,NA,NA,NA,NA,NA,NA,NA,NA,57,27
"00002564_S_500_slap_09.png",0,4,NA,0,0,NA,NA,NA,NA,NA,NA,NA,NA,NA,NA,49,33,100,100,0,0,67,NA,NA,NA,NA,NA,NA,NA,NA,NA,NA,59,25,76,74,NA,NA,NA,NA,NA,NA,NA,NA,NA,NA,42,18,NA,NA,NA,NA,NA,NA,NA,NA,NA,NA,24,33,29,0,NA,NA,NA,NA,NA,NA,NA,NA,NA,NA,62,55
"00002568_J_500_palm_04.png",0,22,NA,0,0,NA,NA,NA,NA,NA,NA,NA,NA,NA,NA,43,25,100,100,0,2,50,NA,NA,NA,NA,NA,NA,NA,NA,NA,NA,60,30,61,58,NA,NA,NA,NA,NA,NA,NA,NA,NA,NA,56,23,NA,NA,NA,NA,NA,NA,NA,NA,NA,NA,24,34,44,1,NA,NA,NA,NA,NA,NA,NA,NA,NA,NA,57,45
"00002568_J_500_palm_10.png",0,31,NA,0,0,NA,NA,NA,NA,NA,NA,NA,NA,NA,NA,45,27,100,100,0,3,67,NA,NA,NA,NA,NA,NA,NA,NA,NA,NA,49,36,77,74,NA,NA,NA,NA,NA,NA,NA,NA,NA,NA,64,20,NA,NA,NA,NA,NA,NA,NA,NA,NA,NA,13,28,47,1,NA,NA,NA,NA,NA,NA,NA,NA,NA,NA,61,49
"00002569_N_500_palm_08.png",0,20,NA,0,0,NA,NA,NA,NA,NA,NA,NA,NA,NA,NA,41,25,100,100,0,0,75,NA,NA,NA,NA,NA,NA,NA,NA,NA,NA,66,23,80,79,NA,NA,NA,NA,NA,NA,NA,NA,NA,NA,55,17,NA,NA,NA,NA,NA,NA,NA,NA,NA,NA,26,40,40,1,NA,NA,NA,NA,NA,NA,NA,NA,NA,NA,66,55
"00002569_N_500_palm_09.png",0,9,NA,0,0,NA,NA,NA,NA,NA,NA,NA,NA,NA,NA,44,29,100,100,0,0,73,NA,NA,NA,NA,NA,NA,NA,NA,NA,NA,63,26,80,79,NA,NA,NA,NA,NA,NA,NA,NA,NA,NA,51,15,NA,NA,NA,NA,NA,NA,NA,NA,NA,NA,31,36,34,1,NA,NA,NA,NA,NA,NA,NA,NA,NA,NA,61,48
"00002569_S_500_slap_01.png",0,74,NA,0,0,NA,NA,NA,NA,NA,NA,NA,NA,NA,NA,40,15,39,90,0,14,66,NA,NA,NA,NA,NA,NA,NA,NA,NA,NA,77,17,73,72,NA,NA,NA,NA,NA,NA,NA,NA,NA,NA,74,10,NA,NA,NA,NA,NA,NA,NA,NA,NA,NA,20,36,59,2,NA,NA,NA,NA,NA,NA,NA,NA,NA,NA,56,33
"00002569_S_500_slap_03.png",0,37,NA,0,0,NA,NA,NA,NA,NA,NA,NA,NA,NA,NA,39,19,82,100,0,0,64,NA,NA,NA,NA,NA,NA,NA,NA,NA,NA,75,16,71,70,NA,NA,NA,NA,NA,NA,NA,NA,NA,NA,60,17,NA,NA,NA,NA,NA,NA,NA,NA,NA,NA,22,35,44,1,NA,NA,NA,NA,NA,NA,NA,NA,NA,NA,61,50
"00002569_S_500_slap_08.png",0,16,NA,0,0,NA,NA,NA,NA,NA,NA,NA,NA,NA,NA,44,28,88,100,0,1,76,NA,NA,NA,NA,NA,NA,NA,NA,NA,NA,65,24,80,79,NA,NA,NA,NA,NA,NA,NA,NA,NA,NA,62,17,NA,NA,NA,NA,NA,NA,NA,NA,NA,NA,19,33,44,1,NA,NA,NA,NA,NA,NA,NA,NA,NA,NA,65,53
"00002571_S_500_slap_07.png",0,88,NA,0,0,NA,NA,NA,NA,NA,NA,NA,NA,NA,NA,42,11,25,52,0,36,79,NA,NA,NA,NA,NA,NA,NA,NA,NA,NA,79,19,85,84,NA,NA,NA,NA,NA,NA,NA,NA,NA,NA,75,15,NA,NA,NA,NA,NA,NA,NA,NA,NA,NA,14,26,65,2,NA,NA,NA,NA,NA,NA,NA,NA,NA,NA,55,25
"00002571_S_500_slap_10.png",0,81,NA,0,0,NA,NA,NA,NA,NA,NA,NA,NA,NA,NA,45,17,33,51,0,49,68,NA,NA,NA,NA,NA,NA,NA,NA,NA,NA,77,26,80,78,NA,NA,NA,NA,NA,NA,NA,NA,NA,NA,78,15,NA,NA,NA,NA,NA,NA,NA,NA,NA,NA,13,24,71,2,NA,NA,NA,NA,NA,NA,NA,NA,NA,NA,57,24
"00002573_Q_500_palm_03.png",0,67,NA,0,0,NA,NA,NA,NA,NA,NA,NA,NA,NA,NA,44,17,40,80,0,36,51,NA,NA,NA,NA,NA,NA,NA,NA,NA,NA,78,14,62,60,NA,NA,NA,NA,NA,NA,NA,NA,NA,NA,75,17,NA,NA,NA,NA,NA,NA,NA,NA,NA,NA,21,36,62,2,NA,NA,NA,NA,NA,NA,NA,NA,NA,NA,57,37
"00002573_Q_500_palm_04.png",0,58,NA,0,0,NA,NA,NA,NA,NA,NA,NA,NA,NA,NA,43,20,74,100,0,23,55,NA,NA,NA,NA,NA,NA,NA,NA,NA,NA,70,24,67,65,NA,NA,NA,NA,NA,NA,NA,NA,NA,NA,71,18,NA,NA,NA,NA,NA,NA,NA,NA,NA,NA,16,32,57,1,NA,NA,NA,NA,NA,NA,NA,NA,NA,NA,56,36
"00002574_S_500_slap_06.png",0,86,NA,0,0,NA,NA,NA,NA,NA,NA,NA,NA,NA,NA,44,17,30,100,0,45,53,NA,NA,NA,NA,NA,NA,NA,NA,NA,NA,78,20,68,64,NA,NA,NA,NA,NA,NA,NA,NA,NA,NA,78,21,NA,NA,NA,NA,NA,NA,NA,NA,NA,NA,15,31,68,3,NA,NA,NA,NA,NA,NA,NA,NA,NA,NA,55,32
"00002577_N_500_palm_09.png",0,40,NA,0,0,NA,NA,NA,NA,NA,NA,NA,NA,NA,NA,49,29,54,100,0,11,47,NA,NA,NA,NA,NA,NA,NA,NA,NA,NA,68,24,68,65,NA,NA,NA,NA,NA,NA,NA,NA,NA,NA,62,21,NA,NA,NA,NA,NA,NA,NA,NA,NA,NA,16,36,58,1,NA,NA,NA,NA,NA,NA,NA,NA,NA,NA,61,59
"00002578_N_500_palm_04.png",0,62,NA,0,0,NA,NA,NA,NA,NA,NA,NA,NA,NA,NA,43,20,45,97,0,6,68,NA,NA,NA,NA,NA,NA,NA,NA,NA,NA,69,23,77,74,NA,NA,NA,NA,NA,NA,NA,NA,NA,NA,60,14,NA,NA,NA,NA,NA,NA,NA,NA,NA,NA,19,30,43,1,NA,NA,NA,NA,NA,NA,NA,NA,NA,NA,54,33
"00002579_J_500_palm_05.png",0,34,NA,0,0,NA,NA,NA,NA,NA,NA,NA,NA,NA,NA,46,26,100,100,0,3,56,NA,NA,NA,NA,NA,NA,NA,NA,NA,NA,69,22,70,68,NA,NA,NA,NA,NA,NA,NA,NA,NA,NA,65,17,NA,NA,NA,NA,NA,NA,NA,NA,NA,NA,14,22,53,1,NA,NA,NA,NA,NA,NA,NA,NA,NA,NA,59,44
"00002579_J_500_palm_08.png",0,89,NA,0,0,NA,NA,NA,NA,NA,NA,NA,NA,NA,NA,46,17,29,64,0,44,63,NA,NA,NA,NA,NA,NA,NA,NA,NA,NA,81,15,69,68,NA,NA,NA,NA,NA,NA,NA,NA,NA,NA,81,14,NA,NA,NA,NA,NA,NA,NA,NA,NA,NA,18,33,69,2,NA,NA,NA,NA,NA,NA,NA,NA,NA,NA,59,28
"00002581_Q_500_palm_10.png",0,20,NA,0,0,NA,NA,NA,NA,NA,NA,NA,NA,NA,NA,47,29,100,100,0,0,71,NA,NA,NA,NA,NA,NA,NA,NA,NA,NA,57,32,81,80,NA,NA,NA,NA,NA,NA,NA,NA,NA,NA,59,16,NA,NA,NA,NA,NA,NA,NA,NA,NA,NA,19,30,43,1,NA,NA,NA,NA,NA,NA,NA,NA,NA,NA,58,38
"00002581_S_500_slap_08.png",0,66,NA,0,0,NA,NA,NA,NA,NA,NA,NA,NA,NA,NA,42,19,42,70,0,7,69,NA,NA,NA,NA,NA,NA,NA,NA,NA,NA,66,27,76,74,NA,NA,NA,NA,NA,NA,NA,NA,NA,NA,69,12,NA,NA,NA,NA,NA,NA,NA,NA,NA,NA,21,31,53,1,NA,NA,NA,NA,NA,NA,NA,NA,NA,NA,57,33
"00002584_J_500_palm_09.png",0,3,NA,0,0,NA,NA,NA,NA,NA,NA,NA,NA,NA,NA,48,31,100,100,0,0,93,NA,NA,NA,NA,NA,NA,NA,NA,NA,NA,53,32,94,94,NA,NA,NA,NA,NA,NA,NA,NA,NA,NA,46,18,NA,NA,NA,NA,NA,NA,NA,NA,NA,NA,20,33,32,1,NA,NA,NA,NA,NA,NA,NA,NA,NA,NA,66,62
"00002586_S_500_slap_01.png",0,90,NA,0,0,NA,NA,NA,NA,NA,NA,NA,NA,NA,NA,45,14,37,92,0,19,62,NA,NA,NA,NA,NA,NA,NA,NA,NA,NA,80,14,72,70,NA,NA,NA,NA,NA,NA,NA,NA,NA,NA,63,19,NA,NA,NA,NA,NA,NA,NA,NA,NA,NA,18,31,47,2,NA,NA,NA,NA,NA,NA,NA,NA,NA,NA,57,32
"00002588_J_500_palm_07.png",0,51,NA,0,0,NA,NA,NA,NA,NA,NA,NA,NA,NA,NA,42,21,53,71,0,8,73,NA,NA,NA,NA,NA,NA,NA,NA,NA,NA,69,23,81,78,NA,NA,NA,NA,NA,NA,NA,NA,NA,NA,66,18,NA,NA,NA,NA,NA,NA,NA,NA,NA,NA,12,18,50,1,NA,NA,NA,NA,NA,NA,NA,NA,NA,NA,48,26
"00002591_S_500_slap_01.png",0,79,NA,0,0,NA,NA,NA,NA,NA,NA,NA,NA,NA,NA,39,11,35,70,0,79,43,NA,NA,NA,NA,NA,NA,NA,NA,NA,NA,83,10,58,53,NA,NA,NA,NA,NA,NA,NA,NA,NA,NA,87,11,NA,NA,NA,NA,NA,NA,NA,NA,NA,NA,22,30,73,2,NA,NA,NA,NA,NA,NA,NA,NA,NA,NA,58,27
"00002593_Q_500_palm_05.png",0,31,NA,0,0,NA,NA,NA,NA,NA,NA,NA,NA,NA,NA,39,19,100,100,0,0,77,NA,NA,NA,NA,NA,NA,NA,NA,NA,NA,62,26,83,82,NA,NA,NA,NA,NA,NA,NA,NA,NA,NA,52,12,NA,NA,NA,NA,NA,NA,NA,NA,NA,NA,19,29,35,0,NA,NA,NA,NA,NA,NA,NA,NA,NA,NA,65,54
"00002610_S_500_slap_06.png",0,94,NA,0,0,NA,NA,NA,NA,NA,NA,NA,NA,NA,NA,42,13,33,100,0,10,68,NA,NA,NA,NA,NA,NA,NA,NA,NA,NA,76,20,77,74,NA,NA,NA,NA,NA,NA,NA,NA,NA,NA,62,22,NA,NA,NA,NA,NA,NA,NA,NA,NA,NA,15,29,48,2,NA,NA,NA,NA,NA,NA,NA,NA,NA,NA,56,31
"00002616_Q_500_palm_07.png",0,13,NA,0,0,NA,NA,NA,NA,NA,NA,NA,NA,NA,NA,43,26,100,100,0,0,67,NA,NA,NA,NA,NA,NA,NA,NA,NA,NA,64,24,76,75,NA,NA,NA,NA,NA,NA,NA,NA,NA,NA,50,15,NA,NA,NA,NA,NA,NA,NA,NA,NA,NA,15,27,34,0,NA,NA,NA,NA,NA,NA,NA,NA,NA,NA,62,46
"00002624_Q_500_palm_07.png",0,75,NA,0,0,NA,NA,NA,NA,NA,NA,NA,NA,NA,NA,42,12,35,63,0,4,74,NA,NA,NA,NA,NA,NA,NA,NA,NA,NA,76,21,80,79,NA,NA,NA,NA,NA,NA,NA,NA,NA,NA,66,14,NA,NA,NA,NA,NA,NA,NA,NA,NA,NA,12,21,50,1,NA,NA,NA,NA,NA,NA,NA,NA,NA,NA,56,24
"00002626_S_500_slap_04.png",0,65,NA,0,0,NA,NA,NA,NA,NA,NA,NA,NA,NA,NA,46,16,21,39,0,15,69,NA,NA,NA,NA,NA,NA,NA,NA,NA,NA,82,13,77,76,NA,NA,NA,NA,NA,NA,NA,NA,NA,NA,72,15,NA,NA,NA,NA,NA,NA,NA,NA,NA,NA,17,28,55,1,NA,NA,NA,NA,NA,NA,NA,NA,NA,NA,58,39
"00002633_S_500_slap_09.png",0,51,NA,0,0,NA,NA,NA,NA,NA,NA,NA,NA,NA,NA,43,22,56,100,0,31,52,NA,NA,NA,NA,NA,NA,NA,NA,NA,NA,63,32,63,60,NA,NA,NA,NA,NA,NA,NA,NA,NA,NA,76,14,NA,NA,NA,NA,NA,NA,NA,NA,NA,NA,13,22,61,2,NA,NA,NA,NA,NA,NA,NA,NA,NA,NA,58,36
"00002633_S_500_slap_10.png",0,44,NA,0,0,NA,NA,NA,NA,NA,NA,NA,NA,NA,NA,40,25,94,100,0,4,81,NA,NA,NA,NA,NA,NA,NA,NA,NA,NA,53,31,87,86,NA,NA,NA,NA,NA,NA,NA,NA,NA,NA,52,21,NA,NA,NA,NA,NA,NA,NA,NA,NA,NA,14,23,41,0,NA,NA,NA,NA,NA,NA,NA,NA,NA,NA,63,61
"00002636_S_500_slap_07.png",0,67,NA,0,0,NA,NA,NA,NA,NA,NA,NA,NA,NA,NA,39,14,36,70,0,10,73,NA,NA,NA,NA,NA,NA,NA,NA,NA,NA,69,26,82,80,NA,NA,NA,NA,NA,NA,NA,NA,NA,NA,61,22,NA,NA,NA,NA,NA,NA,NA,NA,NA,NA,26,38,51,1,NA,NA,NA,NA,NA,NA,NA,NA,NA,NA,56,34
"00002636_S_500_slap_09.png",0,56,NA,0,0,NA,NA,NA,NA,NA,NA,NA,NA,NA,NA,42,24,53,100,0,6,81,NA,NA,NA,NA,NA,NA,NA,NA,NA,NA,47,36,87,86,NA,NA,NA,NA,NA,NA,NA,NA,NA,NA,61,20,NA,NA,NA,NA,NA,NA,NA,NA,NA,NA,15,27,51,1,NA,NA,NA,NA,NA,NA,NA,NA,NA,NA,61,47
"00002640_Q_500_palm_04.png",0,9,NA,0,0,NA,NA,NA,NA,NA,NA,NA,NA,NA,NA,46,30,100,100,0,0,56,NA,NA,NA,NA,NA,NA,NA,NA,NA,NA,51,30,73,71,NA,NA,NA,NA,NA,NA,NA,NA,NA,NA,41,17,NA,NA,NA,NA,NA,NA,NA,NA,NA,NA,22,25,29,0,NA,NA,NA,NA,NA,NA,NA,NA,NA,NA,65,48
"00002641_J_500_palm_04.png",0,47,NA,0,0,NA,NA,NA,NA,NA,NA,NA,NA,NA,NA,48,20,70,98,0,11,54,NA,NA,NA,NA,NA,NA,NA,NA,NA,NA,75,20,66,64,NA,NA,NA,NA,NA,NA,NA,NA,NA,NA,67,19,NA,NA,NA,NA,NA,NA,NA,NA,NA,NA,20,31,54,1,NA,NA,NA,NA,NA,NA,NA,NA,NA,NA,56,29
"00002641_S_500_slap_03.png",0,71,NA,0,0,NA,NA,NA,NA,NA,NA,NA,NA,NA,NA,44,17,43,57,0,53,58,NA,NA,NA,NA,NA,NA,NA,NA,NA,NA,72,27,69,67,NA,NA,NA,NA,NA,NA,NA,NA,NA,NA,86,9,NA,NA,NA,NA,NA,NA,NA,NA,NA,NA,17,27,75,1,NA,NA,NA,NA,NA,NA,NA,NA,NA,NA,56,36
"00002644_S_500_slap_01.png",0,80,NA,0,0,NA,NA,NA,NA,NA,NA,NA,NA,NA,NA,44,17,28,74,0,66,40,NA,NA,NA,NA,NA,NA,NA,NA,NA,NA,83,13,57,54,NA,NA,NA,NA,NA,NA,NA,NA,NA,NA,85,12,NA,NA,NA,NA,NA,NA,NA,NA,NA,NA,16,30,73,3,NA,NA,NA,NA,NA,NA,NA,NA,NA,NA,58,28
"00002645_S_500_slap_01.png",0,96,NA,0,0,NA,NA,NA,NA,NA,NA,NA,NA,NA,NA,44,14,38,88,0,21,65,NA,NA,NA,NA,NA,NA,NA,NA,NA,NA,79,15,74,72,NA,NA,NA,NA,NA,NA,NA,NA,NA,NA,67,20,NA,NA,NA,NA,NA,NA,NA,NA,NA,NA,19,32,51,2,NA,NA,NA,NA,NA,NA,NA,NA,NA,NA,52,26
"00002645_S_500_slap_10.png",0,25,NA,0,0,NA,NA,NA,NA,NA,NA,NA,NA,NA,NA,46,25,67,78,0,6,64,NA,NA,NA,NA,NA,NA,NA,NA,NA,NA,64,27,76,74,NA,NA,NA,NA,NA,NA,NA,NA,NA,NA,57,19,NA,NA,NA,NA,NA,NA,NA,NA,NA,NA,19,24,45,0,NA,NA,NA,NA,NA,NA,NA,NA,NA,NA,65,62
"00002649_Q_500_palm_09.png",0,35,NA,0,0,NA,NA,NA,NA,NA,NA,NA,NA,NA,NA,47,27,67,100,0,13,46,NA,NA,NA,NA,NA,NA,NA,NA,NA,NA,56,34,56,54,NA,NA,NA,NA,NA,NA,NA,NA,NA,NA,67,26,NA,NA,NA,NA,NA,NA,NA,NA,NA,NA,17,37,54,2,NA,NA,NA,NA,NA,NA,NA,NA,NA,NA,59,39
"00002650_S_500_slap_07.png",0,65,NA,0,0,NA,NA,NA,NA,NA,NA,NA,NA,NA,NA,40,13,36,73,0,24,72,NA,NA,NA,NA,NA,NA,NA,NA,NA,NA,74,24,82,80,NA,NA,NA,NA,NA,NA,NA,NA,NA,NA,69,25,NA,NA,NA,NA,NA,NA,NA,NA,NA,NA,23,35,63,1,NA,NA,NA,NA,NA,NA,NA,NA,NA,NA,56,32
"00002650_S_500_slap_08.png",0,64,NA,0,0,NA,NA,NA,NA,NA,NA,NA,NA,NA,NA,39,14,74,100,0,12,77,NA,NA,NA,NA,NA,NA,NA,NA,NA,NA,68,30,84,82,NA,NA,NA,NA,NA,NA,NA,NA,NA,NA,67,23,NA,NA,NA,NA,NA,NA,NA,NA,NA,NA,18,28,58,2,NA,NA,NA,NA,NA,NA,NA,NA,NA,NA,59,44
"blank_fd249.jp2",0,NA,"Error: NFIQ2 computeQualityScore returned an error code: Could not create feature set from raw data: FRFXLL_ERR_FB_TOO_SMALL_AREA: Fingerprint area is too small. Most likely this is because the tip of the finger is presented.",0,0,NA,NA,NA,NA,NA,NA,NA,NA,NA,NA,NA,NA,NA,NA,NA,NA,NA,NA,NA,NA,NA,NA,NA,NA,NA,NA,NA,NA,NA,NA,NA,NA,NA,NA,NA,NA,NA,NA,NA,NA,NA,NA,NA,NA,NA,NA,NA,NA,NA,NA,NA,NA,NA,NA,NA,NA,NA,NA,NA,NA,NA,NA,NA,NA,NA,NA,NA,NA,NA
"solid_0_500x500.jp2",0,NA,"Error: NFIQ2 computeQualityScore returned an error code: Cannot compute Frequency Domain Analysis (FDA): Not enough data to generate histogram bins (is the image blank?)",0,0,NA,NA,NA,NA,NA,NA,NA,NA,NA,NA,NA,NA,NA,NA,NA,NA,NA,NA,NA,NA,NA,NA,NA,NA,NA,NA,NA,NA,NA,NA,NA,NA,NA,NA,NA,NA,NA,NA,NA,NA,NA,NA,NA,NA,NA,NA,NA,NA,NA,NA,NA,NA,NA,NA,NA,NA,NA,NA,NA,NA,NA,NA,NA,NA,NA,NA,NA,NA,NA
"solid_0_800x1000.jp2",0,NA,"Error: NFIQ2 computeQualityScore returned an error code: Cannot compute Frequency Domain Analysis (FDA): Not enough data to generate histogram bins (is the image blank?)",0,0,NA,NA,NA,NA,NA,NA,NA,NA,NA,NA,NA,NA,NA,NA,NA,NA,NA,NA,NA,NA,NA,NA,NA,NA,NA,NA,NA,NA,NA,NA,NA,NA,NA,NA,NA,NA,NA,NA,NA,NA,NA,NA,NA,NA,NA,NA,NA,NA,NA,NA,NA,NA,NA,NA,NA,NA,NA,NA,NA,NA,NA,NA,NA,NA,NA,NA,NA,NA,NA
"solid_0_800x1001.jp2",0,NA,"Error: NFIQ2 computeQualityScore returned an error code: Height is too large after trimming whitespace. WxH: 800x1001, but maximum height is 1000",0,0,NA,NA,NA,NA,NA,NA,NA,NA,NA,NA,NA,NA,NA,NA,NA,NA,NA,NA,NA,NA,NA,NA,NA,NA,NA,NA,NA,NA,NA,NA,NA,NA,NA,NA,NA,NA,NA,NA,NA,NA,NA,NA,NA,NA,NA,NA,NA,NA,NA,NA,NA,NA,NA,NA,NA,NA,NA,NA,NA,NA,NA,NA,NA,NA,NA,NA,NA,NA,NA
"solid_0_801x1000.jp2",0,NA,"Error: NFIQ2 computeQualityScore returned an error code: Width is too large after trimming whitespace. WxH: 801x1000, but maximum width is 800",0,0,NA,NA,NA,NA,NA,NA,NA,NA,NA,NA,NA,NA,NA,NA,NA,NA,NA,NA,NA,NA,NA,NA,NA,NA,NA,NA,NA,NA,NA,NA,NA,NA,NA,NA,NA,NA,NA,NA,NA,NA,NA,NA,NA,NA,NA,NA,NA,NA,NA,NA,NA,NA,NA,NA,NA,NA,NA,NA,NA,NA,NA,NA,NA,NA,NA,NA,NA,NA,NA
"solid_250_500x500.jp2",0,NA,"Error: NFIQ2 computeQualityScore returned an error code: Cannot compute Frequency Domain Analysis (FDA): Not enough data to generate histogram bins (is the image blank?)",0,0,NA,NA,NA,NA,NA,NA,NA,NA,NA,NA,NA,NA,NA,NA,NA,NA,NA,NA,NA,NA,NA,NA,NA,NA,NA,NA,NA,NA,NA,NA,NA,NA,NA,NA,NA,NA,NA,NA,NA,NA,NA,NA,NA,NA,NA,NA,NA,NA,NA,NA,NA,NA,NA,NA,NA,NA,NA,NA,NA,NA,NA,NA,NA,NA,NA,NA,NA,NA,NA
"solid_251_500x500.jp2",0,NA,"Error: NFIQ2 computeQualityScore returned an error code: All image rows appear to be blank",0,0,NA,NA,NA,NA,NA,NA,NA,NA,NA,NA,NA,NA,NA,NA,NA,NA,NA,NA,NA,NA,NA,NA,NA,NA,NA,NA,NA,NA,NA,NA,NA,NA,NA,NA,NA,NA,NA,NA,NA,NA,NA,NA,NA,NA,NA,NA,NA,NA,NA,NA,NA,NA,NA,NA,NA,NA,NA,NA,NA,NA,NA,NA,NA,NA,NA,NA,NA,NA,NA
"solid_255_500x500.jp2",0,NA,"Error: NFIQ2 computeQualityScore returned an error code: All image rows appear to be blank",0,0,NA,NA,NA,NA,NA,NA,NA,NA,NA,NA,NA,NA,NA,NA,NA,NA,NA,NA,NA,NA,NA,NA,NA,NA,NA,NA,NA,NA,NA,NA,NA,NA,NA,NA,NA,NA,NA,NA,NA,NA,NA,NA,NA,NA,NA,NA,NA,NA,NA,NA,NA,NA,NA,NA,NA,NA,NA,NA,NA,NA,NA,NA,NA,NA,NA,NA,NA,NA,NA
